2026-09-03 11:05:06,943 - INFO - Starting CSV parse for data\raw_cities_dirty.csv
2026-09-03 11:05:06,944 - INFO - Parsed city row: New York
2026-09-03 11:05:06,944 - INFO - Parsed city row: London
2026-09-03 11:05:06,944 - INFO - Parsed city row: Tokyo
2026-09-03 11:05:06,944 - INFO - Parsed city row: Sao Paulo
2026-09-03 11:05:06,944 - INFO - Parsed city row: Paris
2026-09-03 11:05:06,944 - INFO - Parsed city row: Mumbai
2026-09-03 11:05:06,944 - INFO - Parsed city row: Beijing
2026-09-03 11:05:06,944 - INFO - Parsed city row: Sydney
2026-09-03 11:05:06,944 - INFO - Parsed city row: Mexico City
2026-09-03 11:05:06,945 - INFO - Parsed city row: Cairo
2026-09-03 11:05:06,945 - INFO - Parsed city row: Nairobi
2026-09-03 11:05:06,945 - INFO - Parsed city row: Riyadh
2026-09-03 11:05:06,945 - INFO - Parsed city row: Berlin
2026-09-03 11:05:06,945 - INFO - Parsed city row: Johannesburg
2026-09-03 11:05:06,945 - INFO - Parsed city row: Seoul
2026-09-03 11:05:06,945 - INFO - Parsed city row: Bangkok
2026-09-03 11:05:06,945 - INFO - Parsed city row: Rome
2026-09-03 11:05:06,945 - INFO - Parsed city row: Toronto
2026-09-03 11:05:06,945 - INFO - Parsed city row: Dubai
2026-09-03 11:05:06,945 - INFO - Parsed city row: Buenos Aires
2026-09-03 11:05:06,945 - INFO - Parsed city row: Istanbul
2026-09-03 11:05:06,945 - INFO - Parsed city row: Moscow
2026-09-03 11:05:06,945 - INFO - Parsed city row: Kuala Lumpur
2026-09-03 11:05:06,945 - INFO - Finished CSV parse. 23 cities loaded.
2026-09-03 11:09:48,048 - INFO - Starting CSV parse for C:\Users\RPAEHDEV03\python_weather_app\data\raw_cities_dirty.csv
2026-09-03 11:09:48,049 - INFO - Parsed city row: New York
2026-09-03 11:09:48,049 - INFO - Parsed city row: London
2026-09-03 11:09:48,049 - INFO - Parsed city row: Tokyo
2026-09-03 11:09:48,049 - INFO - Parsed city row: Sao Paulo
2026-09-03 11:09:48,049 - INFO - Parsed city row: Paris
2026-09-03 11:09:48,049 - INFO - Parsed city row: Mumbai
2026-09-03 11:09:48,049 - INFO - Parsed city row: Beijing
2026-09-03 11:09:48,049 - INFO - Parsed city row: Sydney
2026-09-03 11:09:48,049 - INFO - Parsed city row: Mexico City
2026-09-03 11:09:48,049 - INFO - Parsed city row: Cairo
2026-09-03 11:09:48,049 - INFO - Parsed city row: Nairobi
2026-09-03 11:09:48,049 - INFO - Parsed city row: Riyadh
2026-09-03 11:09:48,050 - INFO - Parsed city row: Berlin
2026-09-03 11:09:48,050 - INFO - Parsed city row: Johannesburg
2026-09-03 11:09:48,050 - INFO - Parsed city row: Seoul
2026-09-03 11:09:48,050 - INFO - Parsed city row: Bangkok
2026-09-03 11:09:48,050 - INFO - Parsed city row: Rome
2026-09-03 11:09:48,050 - INFO - Parsed city row: Toronto
2026-09-03 11:09:48,050 - INFO - Parsed city row: Dubai
2026-09-03 11:09:48,050 - INFO - Parsed city row: Buenos Aires
2026-09-03 11:09:48,050 - INFO - Parsed city row: Istanbul
2026-09-03 11:09:48,050 - INFO - Parsed city row: Moscow
2026-09-03 11:09:48,050 - INFO - Parsed city row: Kuala Lumpur
2026-09-03 11:09:48,050 - INFO - Finished CSV parse. 23 cities loaded.
2026-09-03 11:09:48,052 - INFO - Fetching weather for New York at 40.7128, -74.0060
2026-09-03 11:09:48,052 - INFO - Weather retrieved for New York: 22.40C, feels like 21.70C, 0.0 mm precipitation, wind 12.50 km/h
2026-09-03 11:12:15,042 - INFO - Starting CSV parse for C:\Users\RPAEHDEV03\python_weather_app\data\raw_cities_dirty.csv
2026-09-03 11:12:15,043 - INFO - Parsed city row: New York
2026-09-03 11:12:15,043 - INFO - Parsed city row: London
2026-09-03 11:12:15,043 - INFO - Parsed city row: Tokyo
2026-09-03 11:12:15,043 - INFO - Parsed city row: Sao Paulo
2026-09-03 11:12:15,043 - INFO - Parsed city row: Paris
2026-09-03 11:12:15,043 - INFO - Parsed city row: Mumbai
2026-09-03 11:12:15,043 - INFO - Parsed city row: Beijing
2026-09-03 11:12:15,043 - INFO - Parsed city row: Sydney
2026-09-03 11:12:15,043 - INFO - Parsed city row: Mexico City
2026-09-03 11:12:15,044 - INFO - Parsed city row: Cairo
2026-09-03 11:12:15,044 - INFO - Parsed city row: Nairobi
2026-09-03 11:12:15,044 - INFO - Parsed city row: Riyadh
2026-09-03 11:12:15,044 - INFO - Parsed city row: Berlin
2026-09-03 11:12:15,044 - INFO - Parsed city row: Johannesburg
2026-09-03 11:12:15,044 - INFO - Parsed city row: Seoul
2026-09-03 11:12:15,044 - INFO - Parsed city row: Bangkok
2026-09-03 11:12:15,044 - INFO - Parsed city row: Rome
2026-09-03 11:12:15,044 - INFO - Parsed city row: Toronto
2026-09-03 11:12:15,044 - INFO - Parsed city row: Dubai
2026-09-03 11:12:15,044 - INFO - Parsed city row: Buenos Aires
2026-09-03 11:12:15,044 - INFO - Parsed city row: Istanbul
2026-09-03 11:12:15,044 - INFO - Parsed city row: Moscow
2026-09-03 11:12:15,044 - INFO - Parsed city row: Kuala Lumpur
2026-09-03 11:12:15,045 - INFO - Finished CSV parse. 23 cities loaded.
2026-09-03 11:12:15,047 - INFO - Fetching weather for New York at 40.7128, -74.0060
2026-09-03 11:12:15,047 - INFO - Weather retrieved for New York: 22.40C, feels like 21.70C, 0.0 mm precipitation, wind 12.50 km/h
2026-09-03 11:14:45,106 - INFO - Starting CSV parse for C:\Users\RPAEHDEV03\python_weather_app\data\raw_cities_dirty.csv
2026-09-03 11:14:45,107 - INFO - Parsed city row: New York
2026-09-03 11:14:45,107 - INFO - Parsed city row: London
2026-09-03 11:14:45,107 - INFO - Parsed city row: Tokyo
2026-09-03 11:14:45,107 - INFO - Parsed city row: Sao Paulo
2026-09-03 11:14:45,107 - INFO - Parsed city row: Paris
2026-09-03 11:14:45,107 - INFO - Parsed city row: Mumbai
2026-09-03 11:14:45,107 - INFO - Parsed city row: Beijing
2026-09-03 11:14:45,107 - INFO - Parsed city row: Sydney
2026-09-03 11:14:45,107 - INFO - Parsed city row: Mexico City
2026-09-03 11:14:45,107 - INFO - Parsed city row: Cairo
2026-09-03 11:14:45,107 - INFO - Parsed city row: Nairobi
2026-09-03 11:14:45,107 - INFO - Parsed city row: Riyadh
2026-09-03 11:14:45,108 - INFO - Parsed city row: Berlin
2026-09-03 11:14:45,108 - INFO - Parsed city row: Johannesburg
2026-09-03 11:14:45,108 - INFO - Parsed city row: Seoul
2026-09-03 11:14:45,108 - INFO - Parsed city row: Bangkok
2026-09-03 11:14:45,108 - INFO - Parsed city row: Rome
2026-09-03 11:14:45,108 - INFO - Parsed city row: Toronto
2026-09-03 11:14:45,108 - INFO - Parsed city row: Dubai
2026-09-03 11:14:45,108 - INFO - Parsed city row: Buenos Aires
2026-09-03 11:14:45,108 - INFO - Parsed city row: Istanbul
2026-09-03 11:14:45,108 - INFO - Parsed city row: Moscow
2026-09-03 11:14:45,108 - INFO - Parsed city row: Kuala Lumpur
2026-09-03 11:14:45,108 - INFO - Finished CSV parse. 23 cities loaded.
2026-09-03 11:14:45,110 - INFO - Fetching weather for New York at 40.7128, -74.0060
2026-09-03 11:14:45,111 - INFO - Weather retrieved for New York: 22.40C, feels like 21.70C, 0.00 mm precipitation, wind 12.50 km/h
2026-09-03 11:14:45,112 - INFO - Starting sequential weather fetch for 2 cities.
2026-09-03 11:14:45,112 - INFO - Processing city 1/2: New York
2026-09-03 11:14:45,113 - INFO - Fetching weather for New York at 40.7128, -74.0060
2026-09-03 11:14:45,113 - INFO - Weather retrieved for New York: 20.00C, feels like 20.00C, 1.50 mm precipitation, wind 0.00 km/h
2026-09-03 11:14:45,113 - INFO - Processing city 2/2: London
2026-09-03 11:14:45,113 - INFO - Fetching weather for London at 51.5074, -0.1278
2026-09-03 11:14:45,114 - INFO - Weather retrieved for London: 20.00C, feels like 20.00C, 1.50 mm precipitation, wind 0.00 km/h
2026-09-03 11:14:45,114 - INFO - Total execution time: 0.00 seconds for 2 cities.
2026-09-03 11:19:30,364 - INFO - Starting CSV parse for C:\Users\RPAEHDEV03\python_weather_app\data\raw_cities_dirty.csv
2026-09-03 11:19:30,372 - INFO - Parsed city row: New York
2026-09-03 11:19:30,372 - INFO - Parsed city row: London
2026-09-03 11:19:30,372 - INFO - Parsed city row: Tokyo
2026-09-03 11:19:30,372 - INFO - Parsed city row: Sao Paulo
2026-09-03 11:19:30,372 - INFO - Parsed city row: Paris
2026-09-03 11:19:30,372 - INFO - Parsed city row: Mumbai
2026-09-03 11:19:30,372 - INFO - Parsed city row: Beijing
2026-09-03 11:19:30,372 - INFO - Parsed city row: Sydney
2026-09-03 11:19:30,372 - INFO - Parsed city row: Mexico City
2026-09-03 11:19:30,372 - INFO - Parsed city row: Cairo
2026-09-03 11:19:30,373 - INFO - Parsed city row: Nairobi
2026-09-03 11:19:30,373 - INFO - Parsed city row: Riyadh
2026-09-03 11:19:30,373 - INFO - Parsed city row: Berlin
2026-09-03 11:19:30,373 - INFO - Parsed city row: Johannesburg
2026-09-03 11:19:30,373 - INFO - Parsed city row: Seoul
2026-09-03 11:19:30,373 - INFO - Parsed city row: Bangkok
2026-09-03 11:19:30,373 - INFO - Parsed city row: Rome
2026-09-03 11:19:30,373 - INFO - Parsed city row: Toronto
2026-09-03 11:19:30,373 - INFO - Parsed city row: Dubai
2026-09-03 11:19:30,373 - INFO - Parsed city row: Buenos Aires
2026-09-03 11:19:30,373 - INFO - Parsed city row: Istanbul
2026-09-03 11:19:30,373 - INFO - Parsed city row: Moscow
2026-09-03 11:19:30,373 - INFO - Parsed city row: Kuala Lumpur
2026-09-03 11:19:30,373 - INFO - Finished CSV parse. 23 cities loaded.
2026-09-03 11:19:30,376 - INFO - Fetching weather for New York at 40.7128, -74.0060
2026-09-03 11:19:30,377 - INFO - Weather retrieved for New York: 22.40C, feels like 21.70C, 0.00 mm precipitation, wind 12.50 km/h
2026-09-03 11:19:30,380 - INFO - Starting sequential weather fetch for 2 cities.
2026-09-03 11:19:30,380 - INFO - Processing city 1/2: New York
2026-09-03 11:19:30,380 - INFO - Fetching weather for New York at 40.7128, -74.0060
2026-09-03 11:19:30,381 - INFO - Weather retrieved for New York: 20.00C, feels like 20.00C, 1.50 mm precipitation, wind 0.00 km/h
2026-09-03 11:19:30,381 - INFO - Processing city 2/2: London
2026-09-03 11:19:30,382 - INFO - Fetching weather for London at 51.5074, -0.1278
2026-09-03 11:19:30,382 - INFO - Weather retrieved for London: 20.00C, feels like 20.00C, 1.50 mm precipitation, wind 0.00 km/h
2026-09-03 11:19:30,383 - INFO - Total execution time: 0.00 seconds for 2 cities.
2026-09-03 12:17:29,984 - INFO - Starting CSV parse for C:\Users\RPAEHDEV03\python_weather_app\data\raw_cities_dirty.csv
2026-09-03 12:17:29,994 - INFO - Parsed city row: New York
2026-09-03 12:17:29,994 - INFO - Parsed city row: London
2026-09-03 12:17:29,994 - INFO - Parsed city row: Tokyo
2026-09-03 12:17:29,994 - INFO - Parsed city row: Sao Paulo
2026-09-03 12:17:29,995 - INFO - Parsed city row: Paris
2026-09-03 12:17:29,995 - INFO - Parsed city row: Mumbai
2026-09-03 12:17:29,995 - INFO - Parsed city row: Beijing
2026-09-03 12:17:29,995 - INFO - Parsed city row: Sydney
2026-09-03 12:17:29,995 - INFO - Parsed city row: Mexico City
2026-09-03 12:17:29,995 - INFO - Parsed city row: Cairo
2026-09-03 12:17:29,995 - INFO - Parsed city row: Nairobi
2026-09-03 12:17:29,995 - INFO - Parsed city row: Riyadh
2026-09-03 12:17:29,995 - INFO - Parsed city row: Berlin
2026-09-03 12:17:29,995 - INFO - Parsed city row: Johannesburg
2026-09-03 12:17:29,995 - INFO - Parsed city row: Seoul
2026-09-03 12:17:29,995 - INFO - Parsed city row: Bangkok
2026-09-03 12:17:29,995 - INFO - Parsed city row: Rome
2026-09-03 12:17:29,995 - INFO - Parsed city row: Toronto
2026-09-03 12:17:29,995 - INFO - Parsed city row: Dubai
2026-09-03 12:17:29,996 - INFO - Parsed city row: Buenos Aires
2026-09-03 12:17:29,996 - INFO - Parsed city row: Istanbul
2026-09-03 12:17:29,996 - INFO - Parsed city row: Moscow
2026-09-03 12:17:29,996 - INFO - Parsed city row: Kuala Lumpur
2026-09-03 12:17:29,996 - INFO - Finished CSV parse. 23 cities loaded.
2026-09-03 12:17:29,996 - INFO - Starting sequential weather fetch for 23 cities.
2026-09-03 12:17:29,996 - INFO - Processing city 1/23: New York
2026-09-03 12:17:29,997 - INFO - Fetching weather for New York at 40.7128, -74.0060
2026-09-03 12:17:31,526 - INFO - Weather retrieved for New York: 20.50C, feels like 20.50C, 0.00 mm precipitation, wind 0.00 km/h
2026-09-03 12:17:31,526 - INFO - Processing city 2/23: London
2026-09-03 12:17:31,527 - INFO - Fetching weather for London at 51.5074, -0.1278
2026-09-03 12:17:32,211 - INFO - Weather retrieved for London: 19.10C, feels like 19.10C, 0.00 mm precipitation, wind 0.00 km/h
2026-09-03 12:17:32,211 - INFO - Processing city 3/23: Tokyo
2026-09-03 12:17:32,212 - INFO - Fetching weather for Tokyo at 35.6762, 139.6503
2026-09-03 12:17:32,963 - INFO - Weather retrieved for Tokyo: 22.90C, feels like 22.90C, 0.10 mm precipitation, wind 0.00 km/h
2026-09-03 12:17:32,963 - INFO - Processing city 4/23: Sao Paulo
2026-09-03 12:17:32,964 - INFO - Fetching weather for Sao Paulo at -23.5505, -46.6333
2026-09-03 12:17:33,650 - INFO - Weather retrieved for Sao Paulo: 12.60C, feels like 12.60C, 0.00 mm precipitation, wind 0.00 km/h
2026-09-03 12:17:33,650 - INFO - Processing city 5/23: Paris
2026-09-03 12:17:33,651 - INFO - Fetching weather for Paris at 48.8566, 2.3522
2026-09-03 12:17:34,333 - INFO - Weather retrieved for Paris: 22.30C, feels like 22.30C, 0.00 mm precipitation, wind 0.00 km/h
2026-09-03 12:17:34,333 - INFO - Processing city 6/23: Mumbai
2026-09-03 12:17:34,334 - INFO - Fetching weather for Mumbai at 19.0760, 72.8777
2026-09-03 12:17:35,068 - INFO - Weather retrieved for Mumbai: 25.80C, feels like 25.80C, 0.20 mm precipitation, wind 0.00 km/h
2026-09-03 12:17:35,068 - INFO - Processing city 7/23: Beijing
2026-09-03 12:17:35,069 - INFO - Fetching weather for Beijing at 39.9042, 116.4074
2026-09-03 12:17:35,750 - INFO - Weather retrieved for Beijing: 25.20C, feels like 25.20C, 0.00 mm precipitation, wind 0.00 km/h
2026-09-03 12:17:35,751 - INFO - Processing city 8/23: Sydney
2026-09-03 12:17:35,751 - INFO - Fetching weather for Sydney at -33.8688, 151.2093
2026-09-03 12:17:36,445 - INFO - Weather retrieved for Sydney: 15.10C, feels like 15.10C, 0.00 mm precipitation, wind 0.00 km/h
2026-09-03 12:17:36,445 - INFO - Processing city 9/23: Mexico City
2026-09-03 12:17:36,446 - INFO - Fetching weather for Mexico City at 19.4326, -99.1332
2026-09-03 12:17:37,133 - INFO - Weather retrieved for Mexico City: 15.40C, feels like 15.40C, 0.00 mm precipitation, wind 0.00 km/h
2026-09-03 12:17:37,133 - INFO - Processing city 10/23: Cairo
2026-09-03 12:17:37,134 - INFO - Fetching weather for Cairo at 30.0444, 31.2357
2026-09-03 12:17:37,822 - INFO - Weather retrieved for Cairo: 26.90C, feels like 26.90C, 0.00 mm precipitation, wind 0.00 km/h
2026-09-03 12:17:37,822 - INFO - Processing city 11/23: Nairobi
2026-09-03 12:17:37,823 - INFO - Fetching weather for Nairobi at -1.2864, 36.8172
2026-09-03 12:17:38,516 - INFO - Weather retrieved for Nairobi: 15.40C, feels like 15.40C, 0.00 mm precipitation, wind 0.00 km/h
2026-09-03 12:17:38,516 - INFO - Processing city 12/23: Riyadh
2026-09-03 12:17:38,516 - INFO - Fetching weather for Riyadh at -24.7136, 46.6753
2026-09-03 12:17:39,223 - INFO - Weather retrieved for Riyadh: 12.80C, feels like 12.80C, 0.00 mm precipitation, wind 0.00 km/h
2026-09-03 12:17:39,223 - INFO - Processing city 13/23: Berlin
2026-09-03 12:17:39,224 - INFO - Fetching weather for Berlin at 52.5200, 13.4050
2026-09-03 12:17:39,911 - INFO - Weather retrieved for Berlin: 17.10C, feels like 17.10C, 0.00 mm precipitation, wind 0.00 km/h
2026-09-03 12:17:39,911 - INFO - Processing city 14/23: Johannesburg
2026-09-03 12:17:39,912 - INFO - Fetching weather for Johannesburg at -26.2041, 28.0473
2026-09-03 12:17:40,613 - INFO - Weather retrieved for Johannesburg: 16.50C, feels like 16.50C, 0.00 mm precipitation, wind 0.00 km/h
2026-09-03 12:17:40,613 - INFO - Processing city 15/23: Seoul
2026-09-03 12:17:40,614 - INFO - Fetching weather for Seoul at 37.5665, 126.9780
2026-09-03 12:17:41,318 - INFO - Weather retrieved for Seoul: 22.60C, feels like 22.60C, 0.00 mm precipitation, wind 0.00 km/h
2026-09-03 12:17:41,318 - INFO - Processing city 16/23: Bangkok
2026-09-03 12:17:41,319 - INFO - Fetching weather for Bangkok at 13.7563, 100.5018
2026-09-03 12:17:42,018 - INFO - Weather retrieved for Bangkok: 27.00C, feels like 27.00C, 0.00 mm precipitation, wind 0.00 km/h
2026-09-03 12:17:42,018 - INFO - Processing city 17/23: Rome
2026-09-03 12:17:42,019 - INFO - Fetching weather for Rome at 41.9028, 12.4964
2026-09-03 12:17:42,720 - INFO - Weather retrieved for Rome: 23.90C, feels like 23.90C, 0.00 mm precipitation, wind 0.00 km/h
2026-09-03 12:17:42,720 - INFO - Processing city 18/23: Toronto
2026-09-03 12:17:42,721 - INFO - Fetching weather for Toronto at 43.6532, -79.3832
2026-09-03 12:17:43,410 - INFO - Weather retrieved for Toronto: 20.10C, feels like 20.10C, 0.00 mm precipitation, wind 0.00 km/h
2026-09-03 12:17:43,410 - INFO - Processing city 19/23: Dubai
2026-09-03 12:17:43,410 - INFO - Fetching weather for Dubai at 25.2048, 55.2708
2026-09-03 12:17:44,116 - INFO - Weather retrieved for Dubai: 34.30C, feels like 34.30C, 0.00 mm precipitation, wind 0.00 km/h
2026-09-03 12:17:44,116 - INFO - Processing city 20/23: Buenos Aires
2026-09-03 12:17:44,117 - INFO - Fetching weather for Buenos Aires at -34.6037, -58.3816
2026-09-03 12:17:44,811 - INFO - Weather retrieved for Buenos Aires: 15.80C, feels like 15.80C, 1.10 mm precipitation, wind 0.00 km/h
2026-09-03 12:17:44,811 - INFO - Processing city 21/23: Istanbul
2026-09-03 12:17:44,812 - INFO - Fetching weather for Istanbul at 41.0082, 28.9784
2026-09-03 12:17:45,493 - INFO - Weather retrieved for Istanbul: 22.00C, feels like 22.00C, 0.00 mm precipitation, wind 0.00 km/h
2026-09-03 12:17:45,493 - INFO - Processing city 22/23: Moscow
2026-09-03 12:17:45,494 - INFO - Fetching weather for Moscow at 55.7558, 37.6173
2026-09-03 12:17:46,204 - INFO - Weather retrieved for Moscow: 15.30C, feels like 15.30C, 0.00 mm precipitation, wind 0.00 km/h
2026-09-03 12:17:46,204 - INFO - Processing city 23/23: Kuala Lumpur
2026-09-03 12:17:46,205 - INFO - Fetching weather for Kuala Lumpur at 3.1390, 101.6869
2026-09-03 12:17:46,888 - INFO - Weather retrieved for Kuala Lumpur: 26.70C, feels like 26.70C, 0.00 mm precipitation, wind 0.00 km/h
2026-09-03 12:17:46,888 - INFO - Total execution time: 16.89 seconds for 23 cities.
2026-09-03 12:43:14,108 - INFO - Starting CSV parse for C:\Users\RPAEHDEV03\python_weather_app\data\raw_cities_dirty.csv
2026-09-03 12:43:14,109 - INFO - Parsed city row: New York
2026-09-03 12:43:14,109 - INFO - Parsed city row: London
2026-09-03 12:43:14,109 - INFO - Parsed city row: Tokyo
2026-09-03 12:43:14,109 - INFO - Parsed city row: Sao Paulo
2026-09-03 12:43:14,109 - INFO - Parsed city row: Mumbai
2026-09-03 12:43:14,109 - INFO - Parsed city row: Beijing
2026-09-03 12:43:14,109 - INFO - Parsed city row: Sydney
2026-09-03 12:43:14,109 - INFO - Parsed city row: Mexico City
2026-09-03 12:43:14,109 - INFO - Parsed city row: Berlin
2026-09-03 12:43:14,109 - INFO - Parsed city row: Seoul
2026-09-03 12:43:14,109 - INFO - Parsed city row: Bangkok
2026-09-03 12:43:14,110 - INFO - Parsed city row: Rome
2026-09-03 12:43:14,110 - INFO - Parsed city row: Toronto
2026-09-03 12:43:14,110 - INFO - Parsed city row: Buenos Aires
2026-09-03 12:43:14,110 - INFO - Finished CSV parse. 14 cities loaded.
2026-09-03 12:43:14,110 - INFO - Starting sequential weather fetch for 14 cities.
2026-09-03 12:43:14,110 - INFO - Processing city 1/14: New York
2026-09-03 12:43:14,110 - INFO - Fetching weather for New York at 40.7128, -74.0060
2026-09-03 12:43:14,906 - INFO - Weather retrieved for New York: 20.50C, feels like 20.50C, 0.00 mm precipitation, wind 0.00 km/h
2026-09-03 12:43:14,906 - INFO - Processing city 2/14: London
2026-09-03 12:43:14,907 - INFO - Fetching weather for London at 51.5074, -0.1278
2026-09-03 12:43:15,610 - INFO - Weather retrieved for London: 19.10C, feels like 19.10C, 0.00 mm precipitation, wind 0.00 km/h
2026-09-03 12:43:15,610 - INFO - Processing city 3/14: Tokyo
2026-09-03 12:43:15,611 - INFO - Fetching weather for Tokyo at 35.6762, 139.6503
2026-09-03 12:43:16,331 - INFO - Weather retrieved for Tokyo: 22.90C, feels like 22.90C, 0.10 mm precipitation, wind 0.00 km/h
2026-09-03 12:43:16,331 - INFO - Processing city 4/14: Sao Paulo
2026-09-03 12:43:16,331 - INFO - Fetching weather for Sao Paulo at -23.5505, -46.6333
2026-09-03 12:43:17,043 - INFO - Weather retrieved for Sao Paulo: 12.60C, feels like 12.60C, 0.00 mm precipitation, wind 0.00 km/h
2026-09-03 12:43:17,043 - INFO - Processing city 5/14: Mumbai
2026-09-03 12:43:17,043 - INFO - Fetching weather for Mumbai at 19.0760, 72.8777
2026-09-03 12:43:17,753 - INFO - Weather retrieved for Mumbai: 25.80C, feels like 25.80C, 0.20 mm precipitation, wind 0.00 km/h
2026-09-03 12:43:17,753 - INFO - Processing city 6/14: Beijing
2026-09-03 12:43:17,754 - INFO - Fetching weather for Beijing at 39.9042, 116.4074
2026-09-03 12:43:18,460 - INFO - Weather retrieved for Beijing: 25.20C, feels like 25.20C, 0.00 mm precipitation, wind 0.00 km/h
2026-09-03 12:43:18,460 - INFO - Processing city 7/14: Sydney
2026-09-03 12:43:18,461 - INFO - Fetching weather for Sydney at -33.8688, 151.2093
2026-09-03 12:43:19,163 - INFO - Weather retrieved for Sydney: 15.10C, feels like 15.10C, 0.00 mm precipitation, wind 0.00 km/h
2026-09-03 12:43:19,164 - INFO - Processing city 8/14: Mexico City
2026-09-03 12:43:19,164 - INFO - Fetching weather for Mexico City at 19.4326, -99.1332
2026-09-03 12:43:19,870 - INFO - Weather retrieved for Mexico City: 15.40C, feels like 15.40C, 0.00 mm precipitation, wind 0.00 km/h
2026-09-03 12:43:19,870 - INFO - Processing city 9/14: Berlin
2026-09-03 12:43:19,871 - INFO - Fetching weather for Berlin at 52.5200, 13.4050
2026-09-03 12:43:20,586 - INFO - Weather retrieved for Berlin: 17.10C, feels like 17.10C, 0.00 mm precipitation, wind 0.00 km/h
2026-09-03 12:43:20,587 - INFO - Processing city 10/14: Seoul
2026-09-03 12:43:20,587 - INFO - Fetching weather for Seoul at 37.5665, 126.9780
2026-09-03 12:43:21,292 - INFO - Weather retrieved for Seoul: 22.60C, feels like 22.60C, 0.00 mm precipitation, wind 0.00 km/h
2026-09-03 12:43:21,292 - INFO - Processing city 11/14: Bangkok
2026-09-03 12:43:21,293 - INFO - Fetching weather for Bangkok at 13.7563, 100.5018
2026-09-03 12:43:22,024 - INFO - Weather retrieved for Bangkok: 27.00C, feels like 27.00C, 0.00 mm precipitation, wind 0.00 km/h
2026-09-03 12:43:22,024 - INFO - Processing city 12/14: Rome
2026-09-03 12:43:22,025 - INFO - Fetching weather for Rome at 41.9028, 12.4964
2026-09-03 12:43:22,739 - INFO - Weather retrieved for Rome: 23.90C, feels like 23.90C, 0.00 mm precipitation, wind 0.00 km/h
2026-09-03 12:43:22,739 - INFO - Processing city 13/14: Toronto
2026-09-03 12:43:22,740 - INFO - Fetching weather for Toronto at 43.6532, -79.3832
2026-09-03 12:43:23,445 - INFO - Weather retrieved for Toronto: 20.10C, feels like 20.10C, 0.00 mm precipitation, wind 0.00 km/h
2026-09-03 12:43:23,445 - INFO - Processing city 14/14: Buenos Aires
2026-09-03 12:43:23,445 - INFO - Fetching weather for Buenos Aires at -34.6037, -58.3816
2026-09-03 12:43:24,148 - INFO - Weather retrieved for Buenos Aires: 15.80C, feels like 15.80C, 1.10 mm precipitation, wind 0.00 km/h
2026-09-03 12:43:24,148 - INFO - Total execution time: 10.04 seconds for 14 cities.
2026-09-03 12:43:39,246 - INFO - Starting CSV parse for C:\Users\RPAEHDEV03\python_weather_app\data\raw_cities_dirty.csv
2026-09-03 12:43:39,246 - INFO - Parsed city row: New York
2026-09-03 12:43:39,247 - INFO - Parsed city row: London
2026-09-03 12:43:39,247 - INFO - Parsed city row: Tokyo
2026-09-03 12:43:39,247 - INFO - Parsed city row: Sao Paulo
2026-09-03 12:43:39,247 - INFO - Parsed city row: Paris
2026-09-03 12:43:39,247 - INFO - Parsed city row: Mumbai
2026-09-03 12:43:39,247 - INFO - Parsed city row: Beijing
2026-09-03 12:43:39,247 - INFO - Parsed city row: Sydney
2026-09-03 12:43:39,247 - INFO - Parsed city row: Mexico City
2026-09-03 12:43:39,247 - INFO - Parsed city row: Berlin
2026-09-03 12:43:39,247 - INFO - Parsed city row: Seoul
2026-09-03 12:43:39,247 - INFO - Parsed city row: Bangkok
2026-09-03 12:43:39,247 - INFO - Parsed city row: Rome
2026-09-03 12:43:39,247 - INFO - Parsed city row: Toronto
2026-09-03 12:43:39,247 - INFO - Parsed city row: Buenos Aires
2026-09-03 12:43:39,247 - INFO - Finished CSV parse. 15 cities loaded.
2026-09-03 12:43:39,247 - INFO - Starting sequential weather fetch for 15 cities.
2026-09-03 12:43:39,247 - INFO - Processing city 1/15: New York
2026-09-03 12:43:39,248 - INFO - Fetching weather for New York at 40.7128, -74.0060
2026-09-03 12:43:40,030 - INFO - Weather retrieved for New York: 20.50C, feels like 20.50C, 0.00 mm precipitation, wind 0.00 km/h
2026-09-03 12:43:40,030 - INFO - Processing city 2/15: London
2026-09-03 12:43:40,031 - INFO - Fetching weather for London at 51.5074, -0.1278
2026-09-03 12:43:40,753 - INFO - Weather retrieved for London: 19.10C, feels like 19.10C, 0.00 mm precipitation, wind 0.00 km/h
2026-09-03 12:43:40,753 - INFO - Processing city 3/15: Tokyo
2026-09-03 12:43:40,754 - INFO - Fetching weather for Tokyo at 35.6762, 139.6503
2026-09-03 12:43:41,454 - INFO - Weather retrieved for Tokyo: 22.90C, feels like 22.90C, 0.10 mm precipitation, wind 0.00 km/h
2026-09-03 12:43:41,454 - INFO - Processing city 4/15: Sao Paulo
2026-09-03 12:43:41,455 - INFO - Fetching weather for Sao Paulo at -23.5505, -46.6333
2026-09-03 12:43:42,163 - INFO - Weather retrieved for Sao Paulo: 12.60C, feels like 12.60C, 0.00 mm precipitation, wind 0.00 km/h
2026-09-03 12:43:42,163 - INFO - Processing city 5/15: Paris
2026-09-03 12:43:42,164 - INFO - Fetching weather for Paris at 48.8566, 2.3522
2026-09-03 12:43:42,870 - INFO - Weather retrieved for Paris: 22.30C, feels like 22.30C, 0.00 mm precipitation, wind 0.00 km/h
2026-09-03 12:43:42,870 - INFO - Processing city 6/15: Mumbai
2026-09-03 12:43:42,871 - INFO - Fetching weather for Mumbai at 19.0760, 72.8777
2026-09-03 12:43:43,570 - INFO - Weather retrieved for Mumbai: 25.80C, feels like 25.80C, 0.20 mm precipitation, wind 0.00 km/h
2026-09-03 12:43:43,570 - INFO - Processing city 7/15: Beijing
2026-09-03 12:43:43,570 - INFO - Fetching weather for Beijing at 39.9042, 116.4074
2026-09-03 12:43:44,281 - INFO - Weather retrieved for Beijing: 25.20C, feels like 25.20C, 0.00 mm precipitation, wind 0.00 km/h
2026-09-03 12:43:44,281 - INFO - Processing city 8/15: Sydney
2026-09-03 12:43:44,282 - INFO - Fetching weather for Sydney at -33.8688, 151.2093
2026-09-03 12:43:45,008 - INFO - Weather retrieved for Sydney: 15.10C, feels like 15.10C, 0.00 mm precipitation, wind 0.00 km/h
2026-09-03 12:43:45,008 - INFO - Processing city 9/15: Mexico City
2026-09-03 12:43:45,008 - INFO - Fetching weather for Mexico City at 19.4326, -99.1332
2026-09-03 12:43:45,710 - INFO - Weather retrieved for Mexico City: 15.40C, feels like 15.40C, 0.00 mm precipitation, wind 0.00 km/h
2026-09-03 12:43:45,710 - INFO - Processing city 10/15: Berlin
2026-09-03 12:43:45,711 - INFO - Fetching weather for Berlin at 52.5200, 13.4050
2026-09-03 12:43:46,424 - INFO - Weather retrieved for Berlin: 17.10C, feels like 17.10C, 0.00 mm precipitation, wind 0.00 km/h
2026-09-03 12:43:46,424 - INFO - Processing city 11/15: Seoul
2026-09-03 12:43:46,424 - INFO - Fetching weather for Seoul at 37.5665, 126.9780
2026-09-03 12:43:47,137 - INFO - Weather retrieved for Seoul: 22.60C, feels like 22.60C, 0.00 mm precipitation, wind 0.00 km/h
2026-09-03 12:43:47,137 - INFO - Processing city 12/15: Bangkok
2026-09-03 12:43:47,138 - INFO - Fetching weather for Bangkok at 13.7563, 100.5018
2026-09-03 12:43:47,845 - INFO - Weather retrieved for Bangkok: 27.00C, feels like 27.00C, 0.00 mm precipitation, wind 0.00 km/h
2026-09-03 12:43:47,845 - INFO - Processing city 13/15: Rome
2026-09-03 12:43:47,845 - INFO - Fetching weather for Rome at 41.9028, 12.4964
2026-09-03 12:43:48,549 - INFO - Weather retrieved for Rome: 23.90C, feels like 23.90C, 0.00 mm precipitation, wind 0.00 km/h
2026-09-03 12:43:48,549 - INFO - Processing city 14/15: Toronto
2026-09-03 12:43:48,549 - INFO - Fetching weather for Toronto at 43.6532, -79.3832
2026-09-03 12:43:49,261 - INFO - Weather retrieved for Toronto: 20.10C, feels like 20.10C, 0.00 mm precipitation, wind 0.00 km/h
2026-09-03 12:43:49,261 - INFO - Processing city 15/15: Buenos Aires
2026-09-03 12:43:49,262 - INFO - Fetching weather for Buenos Aires at -34.6037, -58.3816
2026-09-03 12:43:49,975 - INFO - Weather retrieved for Buenos Aires: 15.80C, feels like 15.80C, 1.10 mm precipitation, wind 0.00 km/h
2026-09-03 12:43:49,976 - INFO - Total execution time: 10.73 seconds for 15 cities.
2026-09-03 12:55:46,171 - INFO - Starting CSV parse for C:\Users\RPAEHDEV03\python_weather_app\data\raw_cities_dirty.csv
2026-09-03 12:55:46,177 - INFO - Parsed city row: New York
2026-09-03 12:55:46,178 - INFO - Parsed city row: London
2026-09-03 12:55:46,178 - INFO - Parsed city row: Tokyo
2026-09-03 12:55:46,178 - INFO - Parsed city row: Sao Paulo
2026-09-03 12:55:46,178 - INFO - Parsed city row: Paris
2026-09-03 12:55:46,178 - INFO - Parsed city row: Mumbai
2026-09-03 12:55:46,178 - INFO - Parsed city row: Beijing
2026-09-03 12:55:46,178 - INFO - Parsed city row: Sydney
2026-09-03 12:55:46,178 - INFO - Parsed city row: Mexico City
2026-09-03 12:55:46,178 - INFO - Parsed city row: Berlin
2026-09-03 12:55:46,178 - INFO - Parsed city row: Seoul
2026-09-03 12:55:46,178 - INFO - Parsed city row: Bangkok
2026-09-03 12:55:46,178 - INFO - Parsed city row: Rome
2026-09-03 12:55:46,178 - INFO - Parsed city row: Toronto
2026-09-03 12:55:46,178 - INFO - Parsed city row: Buenos Aires
2026-09-03 12:55:46,178 - INFO - Finished CSV parse. 15 cities loaded.
2026-09-03 12:55:46,178 - INFO - Starting sequential weather fetch for 15 cities.
2026-09-03 12:55:46,179 - INFO - Processing city 1/15: New York
2026-09-03 12:55:46,179 - INFO - Fetching weather for New York at 40.7128, -74.0060
2026-09-03 12:55:46,996 - INFO - Weather retrieved for New York: 20.50C, feels like 20.50C, 0.00 mm precipitation, wind 0.00 km/h
2026-09-03 12:55:46,997 - INFO - Processing city 2/15: London
2026-09-03 12:55:46,997 - INFO - Fetching weather for London at 51.5074, -0.1278
2026-09-03 12:55:47,692 - INFO - Weather retrieved for London: 19.10C, feels like 19.10C, 0.00 mm precipitation, wind 0.00 km/h
2026-09-03 12:55:47,692 - INFO - Processing city 3/15: Tokyo
2026-09-03 12:55:47,692 - INFO - Fetching weather for Tokyo at 35.6762, 139.6503
2026-09-03 12:55:48,393 - INFO - Weather retrieved for Tokyo: 22.90C, feels like 22.90C, 0.10 mm precipitation, wind 0.00 km/h
2026-09-03 12:55:48,393 - INFO - Processing city 4/15: Sao Paulo
2026-09-03 12:55:48,394 - INFO - Fetching weather for Sao Paulo at -23.5505, -46.6333
2026-09-03 12:55:49,085 - INFO - Weather retrieved for Sao Paulo: 12.60C, feels like 12.60C, 0.00 mm precipitation, wind 0.00 km/h
2026-09-03 12:55:49,085 - INFO - Processing city 5/15: Paris
2026-09-03 12:55:49,086 - INFO - Fetching weather for Paris at 48.8566, 2.3522
2026-09-03 12:55:49,770 - INFO - Weather retrieved for Paris: 22.30C, feels like 22.30C, 0.00 mm precipitation, wind 0.00 km/h
2026-09-03 12:55:49,770 - INFO - Processing city 6/15: Mumbai
2026-09-03 12:55:49,771 - INFO - Fetching weather for Mumbai at 19.0760, 72.8777
2026-09-03 12:55:50,459 - INFO - Weather retrieved for Mumbai: 25.80C, feels like 25.80C, 0.20 mm precipitation, wind 0.00 km/h
2026-09-03 12:55:50,459 - INFO - Processing city 7/15: Beijing
2026-09-03 12:55:50,459 - INFO - Fetching weather for Beijing at 39.9042, 116.4074
2026-09-03 12:55:51,146 - INFO - Weather retrieved for Beijing: 25.20C, feels like 25.20C, 0.00 mm precipitation, wind 0.00 km/h
2026-09-03 12:55:51,146 - INFO - Processing city 8/15: Sydney
2026-09-03 12:55:51,147 - INFO - Fetching weather for Sydney at -33.8688, 151.2093
2026-09-03 12:55:51,833 - INFO - Weather retrieved for Sydney: 15.10C, feels like 15.10C, 0.00 mm precipitation, wind 0.00 km/h
2026-09-03 12:55:51,833 - INFO - Processing city 9/15: Mexico City
2026-09-03 12:55:51,834 - INFO - Fetching weather for Mexico City at 19.4326, -99.1332
2026-09-03 12:55:52,519 - INFO - Weather retrieved for Mexico City: 15.40C, feels like 15.40C, 0.00 mm precipitation, wind 0.00 km/h
2026-09-03 12:55:52,519 - INFO - Processing city 10/15: Berlin
2026-09-03 12:55:52,520 - INFO - Fetching weather for Berlin at 52.5200, 13.4050
2026-09-03 12:55:53,211 - INFO - Weather retrieved for Berlin: 17.10C, feels like 17.10C, 0.00 mm precipitation, wind 0.00 km/h
2026-09-03 12:55:53,211 - INFO - Processing city 11/15: Seoul
2026-09-03 12:55:53,212 - INFO - Fetching weather for Seoul at 37.5665, 126.9780
2026-09-03 12:55:53,890 - INFO - Weather retrieved for Seoul: 22.60C, feels like 22.60C, 0.00 mm precipitation, wind 0.00 km/h
2026-09-03 12:55:53,891 - INFO - Processing city 12/15: Bangkok
2026-09-03 12:55:53,891 - INFO - Fetching weather for Bangkok at 13.7563, 100.5018
2026-09-03 12:55:54,590 - INFO - Weather retrieved for Bangkok: 27.00C, feels like 27.00C, 0.00 mm precipitation, wind 0.00 km/h
2026-09-03 12:55:54,590 - INFO - Processing city 13/15: Rome
2026-09-03 12:55:54,591 - INFO - Fetching weather for Rome at 41.9028, 12.4964
2026-09-03 12:55:55,277 - INFO - Weather retrieved for Rome: 23.90C, feels like 23.90C, 0.00 mm precipitation, wind 0.00 km/h
2026-09-03 12:55:55,277 - INFO - Processing city 14/15: Toronto
2026-09-03 12:55:55,278 - INFO - Fetching weather for Toronto at 43.6532, -79.3832
2026-09-03 12:55:55,972 - INFO - Weather retrieved for Toronto: 20.10C, feels like 20.10C, 0.00 mm precipitation, wind 0.00 km/h
2026-09-03 12:55:55,972 - INFO - Processing city 15/15: Buenos Aires
2026-09-03 12:55:55,973 - INFO - Fetching weather for Buenos Aires at -34.6037, -58.3816
2026-09-03 12:55:56,656 - INFO - Weather retrieved for Buenos Aires: 15.80C, feels like 15.80C, 1.10 mm precipitation, wind 0.00 km/h
2026-09-03 12:55:56,656 - INFO - Total execution time: 10.48 seconds for 15 cities.
2026-09-03 13:04:05,739 - INFO - Starting CSV parse for C:\Users\RPAEHDEV03\python_weather_app\data\raw_cities_dirty.csv
2026-09-03 13:04:05,746 - INFO - Parsed city row: New York
2026-09-03 13:04:05,746 - INFO - Parsed city row: London
2026-09-03 13:04:05,746 - INFO - Parsed city row: Tokyo
2026-09-03 13:04:05,746 - INFO - Parsed city row: Sao Paulo
2026-09-03 13:04:05,746 - INFO - Parsed city row: Paris
2026-09-03 13:04:05,746 - INFO - Parsed city row: Mumbai
2026-09-03 13:04:05,746 - INFO - Parsed city row: Beijing
2026-09-03 13:04:05,746 - INFO - Parsed city row: Sydney
2026-09-03 13:04:05,746 - INFO - Parsed city row: Mexico City
2026-09-03 13:04:05,746 - INFO - Parsed city row: Berlin
2026-09-03 13:04:05,746 - INFO - Parsed city row: Seoul
2026-09-03 13:04:05,747 - INFO - Parsed city row: Bangkok
2026-09-03 13:04:05,747 - INFO - Parsed city row: Rome
2026-09-03 13:04:05,747 - INFO - Parsed city row: Toronto
2026-09-03 13:04:05,747 - INFO - Parsed city row: Buenos Aires
2026-09-03 13:04:05,747 - INFO - Finished CSV parse. 15 cities loaded.
2026-09-03 13:04:05,956 - INFO - Fetching weather for New York at 40.7128, -74.0060
2026-09-03 13:04:05,972 - INFO - Weather retrieved for New York: 22.40C, feels like 21.70C, 0.00 mm precipitation, wind 12.50 km/h
2026-09-03 13:04:05,974 - INFO - Starting sequential weather fetch for 2 cities.
2026-09-03 13:04:05,974 - INFO - Processing city 1/2: New York
2026-09-03 13:04:05,975 - INFO - Fetching weather for New York at 40.7128, -74.0060
2026-09-03 13:04:05,977 - INFO - Weather retrieved for New York: 20.00C, feels like 20.00C, 1.50 mm precipitation, wind 0.00 km/h
2026-09-03 13:04:05,977 - INFO - Processing city 2/2: London
2026-09-03 13:04:05,978 - INFO - Fetching weather for London at 51.5074, -0.1278
2026-09-03 13:04:05,980 - INFO - Weather retrieved for London: 20.00C, feels like 20.00C, 1.50 mm precipitation, wind 0.00 km/h
2026-09-03 13:04:05,980 - INFO - Total execution time: 0.01 seconds for 2 cities.
2026-09-03 13:04:39,402 - INFO - Starting CSV parse for C:\Users\RPAEHDEV03\python_weather_app\data\raw_cities_dirty.csv
2026-09-03 13:04:39,402 - INFO - Parsed city row: New York
2026-09-03 13:04:39,402 - INFO - Parsed city row: London
2026-09-03 13:04:39,402 - INFO - Parsed city row: Tokyo
2026-09-03 13:04:39,403 - INFO - Parsed city row: Sao Paulo
2026-09-03 13:04:39,403 - INFO - Parsed city row: Paris
2026-09-03 13:04:39,403 - INFO - Parsed city row: Mumbai
2026-09-03 13:04:39,403 - INFO - Parsed city row: Beijing
2026-09-03 13:04:39,403 - INFO - Parsed city row: Sydney
2026-09-03 13:04:39,403 - INFO - Parsed city row: Mexico City
2026-09-03 13:04:39,403 - INFO - Parsed city row: Berlin
2026-09-03 13:04:39,403 - INFO - Parsed city row: Seoul
2026-09-03 13:04:39,403 - INFO - Parsed city row: Bangkok
2026-09-03 13:04:39,403 - INFO - Parsed city row: Rome
2026-09-03 13:04:39,403 - INFO - Parsed city row: Toronto
2026-09-03 13:04:39,403 - INFO - Parsed city row: Buenos Aires
2026-09-03 13:04:39,404 - INFO - Finished CSV parse. 15 cities loaded.
2026-09-03 13:04:39,405 - INFO - Fetching weather for New York at 40.7128, -74.0060
2026-09-03 13:04:39,410 - INFO - Weather retrieved for New York: 22.40C, feels like 21.70C, 0.00 mm precipitation, wind 12.50 km/h
2026-09-03 13:04:39,411 - INFO - Starting sequential weather fetch for 2 cities.
2026-09-03 13:04:39,412 - INFO - Processing city 1/2: New York
2026-09-03 13:04:39,412 - INFO - Fetching weather for New York at 40.7128, -74.0060
2026-09-03 13:04:39,414 - INFO - Weather retrieved for New York: 20.00C, feels like 20.00C, 1.50 mm precipitation, wind 0.00 km/h
2026-09-03 13:04:39,414 - INFO - Processing city 2/2: London
2026-09-03 13:04:39,414 - INFO - Fetching weather for London at 51.5074, -0.1278
2026-09-03 13:04:39,416 - INFO - Weather retrieved for London: 20.00C, feels like 20.00C, 1.50 mm precipitation, wind 0.00 km/h
2026-09-03 13:04:39,416 - INFO - Total execution time: 0.00 seconds for 2 cities.
2026-09-03 13:06:20,501 - INFO - Starting CSV parse for C:\Users\RPAEHDEV03\python_weather_app\data\raw_cities_dirty.csv
2026-09-03 13:06:20,501 - INFO - Parsed city row: New York
2026-09-03 13:06:20,501 - INFO - Parsed city row: London
2026-09-03 13:06:20,502 - INFO - Parsed city row: Tokyo
2026-09-03 13:06:20,502 - INFO - Parsed city row: Sao Paulo
2026-09-03 13:06:20,502 - INFO - Parsed city row: Paris
2026-09-03 13:06:20,502 - INFO - Parsed city row: Mumbai
2026-09-03 13:06:20,502 - INFO - Parsed city row: Beijing
2026-09-03 13:06:20,502 - INFO - Parsed city row: Sydney
2026-09-03 13:06:20,502 - INFO - Parsed city row: Mexico City
2026-09-03 13:06:20,502 - INFO - Parsed city row: Berlin
2026-09-03 13:06:20,502 - INFO - Parsed city row: Seoul
2026-09-03 13:06:20,502 - INFO - Parsed city row: Bangkok
2026-09-03 13:06:20,502 - INFO - Parsed city row: Rome
2026-09-03 13:06:20,502 - INFO - Parsed city row: Toronto
2026-09-03 13:06:20,502 - INFO - Parsed city row: Buenos Aires
2026-09-03 13:06:20,502 - INFO - Finished CSV parse. 15 cities loaded.
2026-09-03 13:06:20,504 - INFO - Fetching weather for New York at 40.7128, -74.0060
2026-09-03 13:06:20,508 - INFO - Weather retrieved for New York: 22.40C, feels like 21.70C, 0.00 mm precipitation, wind 12.50 km/h
2026-09-03 13:06:20,510 - INFO - Starting sequential weather fetch for 2 cities.
2026-09-03 13:06:20,510 - INFO - Processing city 1/2: New York
2026-09-03 13:06:20,511 - INFO - Fetching weather for New York at 40.7128, -74.0060
2026-09-03 13:06:20,513 - INFO - Weather retrieved for New York: 20.00C, feels like 20.00C, 1.50 mm precipitation, wind 0.00 km/h
2026-09-03 13:06:20,513 - INFO - Processing city 2/2: London
2026-09-03 13:06:20,513 - INFO - Fetching weather for London at 51.5074, -0.1278
2026-09-03 13:06:20,515 - INFO - Weather retrieved for London: 20.00C, feels like 20.00C, 1.50 mm precipitation, wind 0.00 km/h
2026-09-03 13:06:20,515 - INFO - Total execution time: 0.00 seconds for 2 cities.
2026-09-03 13:06:42,492 - INFO - Starting CSV parse for C:\Users\RPAEHDEV03\python_weather_app\data\raw_cities_dirty.csv
2026-09-03 13:06:42,492 - INFO - Parsed city row: New York
2026-09-03 13:06:42,492 - INFO - Parsed city row: London
2026-09-03 13:06:42,493 - INFO - Parsed city row: Tokyo
2026-09-03 13:06:42,493 - INFO - Parsed city row: Sao Paulo
2026-09-03 13:06:42,493 - INFO - Parsed city row: Paris
2026-09-03 13:06:42,493 - INFO - Parsed city row: Mumbai
2026-09-03 13:06:42,493 - INFO - Parsed city row: Beijing
2026-09-03 13:06:42,493 - INFO - Parsed city row: Sydney
2026-09-03 13:06:42,493 - INFO - Parsed city row: Mexico City
2026-09-03 13:06:42,493 - INFO - Parsed city row: Berlin
2026-09-03 13:06:42,493 - INFO - Parsed city row: Seoul
2026-09-03 13:06:42,493 - INFO - Parsed city row: Bangkok
2026-09-03 13:06:42,493 - INFO - Parsed city row: Rome
2026-09-03 13:06:42,493 - INFO - Parsed city row: Toronto
2026-09-03 13:06:42,493 - INFO - Parsed city row: Buenos Aires
2026-09-03 13:06:42,494 - INFO - Finished CSV parse. 15 cities loaded.
2026-09-03 13:06:42,496 - INFO - Fetching weather for New York at 40.7128, -74.0060
2026-09-03 13:06:42,500 - INFO - Weather retrieved for New York: 22.40C, feels like 21.70C, 0.00 mm precipitation, wind 12.50 km/h
2026-09-03 13:06:42,502 - INFO - Starting sequential weather fetch for 2 cities.
2026-09-03 13:06:42,503 - INFO - Processing city 1/2: New York
2026-09-03 13:06:42,503 - INFO - Fetching weather for New York at 40.7128, -74.0060
2026-09-03 13:06:42,505 - INFO - Weather retrieved for New York: 20.00C, feels like 20.00C, 1.50 mm precipitation, wind 0.00 km/h
2026-09-03 13:06:42,505 - INFO - Processing city 2/2: London
2026-09-03 13:06:42,506 - INFO - Fetching weather for London at 51.5074, -0.1278
2026-09-03 13:06:42,507 - INFO - Weather retrieved for London: 20.00C, feels like 20.00C, 1.50 mm precipitation, wind 0.00 km/h
2026-09-03 13:06:42,507 - INFO - Total execution time: 0.00 seconds for 2 cities.
2026-09-03 13:09:59,365 - INFO - Starting CSV parse for C:\Users\RPAEHDEV03\python_weather_app\data\raw_cities_dirty.csv
2026-09-03 13:09:59,365 - INFO - Parsed city row: New York
2026-09-03 13:09:59,366 - INFO - Parsed city row: London
2026-09-03 13:09:59,366 - INFO - Parsed city row: Tokyo
2026-09-03 13:09:59,366 - INFO - Parsed city row: Sao Paulo
2026-09-03 13:09:59,366 - INFO - Parsed city row: Paris
2026-09-03 13:09:59,366 - INFO - Parsed city row: Mumbai
2026-09-03 13:09:59,366 - INFO - Parsed city row: Beijing
2026-09-03 13:09:59,366 - INFO - Parsed city row: Sydney
2026-09-03 13:09:59,366 - INFO - Parsed city row: Mexico City
2026-09-03 13:09:59,366 - INFO - Parsed city row: Berlin
2026-09-03 13:09:59,366 - INFO - Parsed city row: Seoul
2026-09-03 13:09:59,366 - INFO - Parsed city row: Bangkok
2026-09-03 13:09:59,366 - INFO - Parsed city row: Rome
2026-09-03 13:09:59,367 - INFO - Parsed city row: Toronto
2026-09-03 13:09:59,367 - INFO - Parsed city row: Buenos Aires
2026-09-03 13:09:59,367 - INFO - Finished CSV parse. 15 cities loaded.
2026-09-03 13:09:59,369 - INFO - Fetching weather for New York at 40.7128, -74.0060
2026-09-03 13:09:59,374 - INFO - Weather retrieved for New York: 22.40C, feels like 21.70C, 0.00 mm precipitation, wind 12.50 km/h
2026-09-03 13:09:59,376 - INFO - Starting sequential weather fetch for 2 cities.
2026-09-03 13:09:59,376 - INFO - Processing city 1/2: New York
2026-09-03 13:09:59,377 - INFO - Fetching weather for New York at 40.7128, -74.0060
2026-09-03 13:09:59,379 - INFO - Weather retrieved for New York: 20.00C, feels like 20.00C, 1.50 mm precipitation, wind 0.00 km/h
2026-09-03 13:09:59,379 - INFO - Processing city 2/2: London
2026-09-03 13:09:59,380 - INFO - Fetching weather for London at 51.5074, -0.1278
2026-09-03 13:09:59,382 - INFO - Weather retrieved for London: 20.00C, feels like 20.00C, 1.50 mm precipitation, wind 0.00 km/h
2026-09-03 13:09:59,382 - INFO - Total execution time: 0.01 seconds for 2 cities.
2026-09-03 13:10:21,222 - INFO - Starting CSV parse for C:\Users\RPAEHDEV03\python_weather_app\data\raw_cities_dirty.csv
2026-09-03 13:10:21,223 - INFO - Parsed city row: New York
2026-09-03 13:10:21,223 - INFO - Parsed city row: London
2026-09-03 13:10:21,223 - INFO - Parsed city row: Tokyo
2026-09-03 13:10:21,223 - INFO - Parsed city row: Sao Paulo
2026-09-03 13:10:21,223 - INFO - Parsed city row: Paris
2026-09-03 13:10:21,223 - INFO - Parsed city row: Mumbai
2026-09-03 13:10:21,223 - INFO - Parsed city row: Beijing
2026-09-03 13:10:21,223 - INFO - Parsed city row: Sydney
2026-09-03 13:10:21,223 - INFO - Parsed city row: Mexico City
2026-09-03 13:10:21,223 - INFO - Parsed city row: Berlin
2026-09-03 13:10:21,224 - INFO - Parsed city row: Seoul
2026-09-03 13:10:21,224 - INFO - Parsed city row: Bangkok
2026-09-03 13:10:21,224 - INFO - Parsed city row: Rome
2026-09-03 13:10:21,224 - INFO - Parsed city row: Toronto
2026-09-03 13:10:21,224 - INFO - Parsed city row: Buenos Aires
2026-09-03 13:10:21,224 - INFO - Finished CSV parse. 15 cities loaded.
2026-09-03 13:10:21,226 - INFO - Fetching weather for New York at 40.7128, -74.0060
2026-09-03 13:10:21,231 - INFO - Weather retrieved for New York: 22.40C, feels like 21.70C, 0.00 mm precipitation, wind 12.50 km/h
2026-09-03 13:10:21,234 - INFO - Starting sequential weather fetch for 2 cities.
2026-09-03 13:10:21,234 - INFO - Processing city 1/2: New York
2026-09-03 13:10:21,235 - INFO - Fetching weather for New York at 40.7128, -74.0060
2026-09-03 13:10:21,237 - INFO - Weather retrieved for New York: 20.00C, feels like 20.00C, 1.50 mm precipitation, wind 0.00 km/h
2026-09-03 13:10:21,237 - INFO - Processing city 2/2: London
2026-09-03 13:10:21,238 - INFO - Fetching weather for London at 51.5074, -0.1278
2026-09-03 13:10:21,240 - INFO - Weather retrieved for London: 20.00C, feels like 20.00C, 1.50 mm precipitation, wind 0.00 km/h
2026-09-03 13:10:21,240 - INFO - Total execution time: 0.01 seconds for 2 cities.
2026-09-03 13:15:34,894 - INFO - Starting CSV parse for C:\Users\RPAEHDEV03\python_weather_app\data\raw_cities_dirty.csv
2026-09-03 13:15:34,894 - INFO - Parsed city row: New York
2026-09-03 13:15:34,894 - INFO - Parsed city row: London
2026-09-03 13:15:34,894 - INFO - Parsed city row: Tokyo
2026-09-03 13:15:34,895 - INFO - Parsed city row: Sao Paulo
2026-09-03 13:15:34,895 - INFO - Parsed city row: Paris
2026-09-03 13:15:34,895 - INFO - Parsed city row: Mumbai
2026-09-03 13:15:34,895 - INFO - Parsed city row: Beijing
2026-09-03 13:15:34,895 - INFO - Parsed city row: Sydney
2026-09-03 13:15:34,895 - INFO - Parsed city row: Mexico City
2026-09-03 13:15:34,895 - INFO - Parsed city row: Berlin
2026-09-03 13:15:34,895 - INFO - Parsed city row: Seoul
2026-09-03 13:15:34,895 - INFO - Parsed city row: Bangkok
2026-09-03 13:15:34,895 - INFO - Parsed city row: Rome
2026-09-03 13:15:34,895 - INFO - Parsed city row: Toronto
2026-09-03 13:15:34,895 - INFO - Parsed city row: Buenos Aires
2026-09-03 13:15:34,895 - INFO - Finished CSV parse. 15 cities loaded.
2026-09-03 13:15:34,897 - INFO - Fetching weather for New York at 40.7128, -74.0060
2026-09-03 13:15:34,902 - INFO - Weather retrieved for New York: 22.40C, feels like 21.70C, 0.00 mm precipitation, wind 12.50 km/h
2026-09-03 13:15:34,904 - INFO - Starting sequential weather fetch for 2 cities.
2026-09-03 13:15:34,904 - INFO - Processing city 1/2: New York
2026-09-03 13:15:34,904 - INFO - Fetching weather for New York at 40.7128, -74.0060
2026-09-03 13:15:34,906 - INFO - Weather retrieved for New York: 20.00C, feels like 20.00C, 1.50 mm precipitation, wind 0.00 km/h
2026-09-03 13:15:34,906 - INFO - Processing city 2/2: London
2026-09-03 13:15:34,906 - INFO - Fetching weather for London at 51.5074, -0.1278
2026-09-03 13:15:34,908 - INFO - Weather retrieved for London: 20.00C, feels like 20.00C, 1.50 mm precipitation, wind 0.00 km/h
2026-09-03 13:15:34,908 - INFO - Total execution time: 0.00 seconds for 2 cities.
2026-09-03 13:15:35,029 - INFO - Exported merged weather report to C:\Users\RPAEHDEV03\AppData\Local\Temp\2\pytest-of-RPAEHDEV03\pytest-0\test_export_merged_weather_rep0\reports\weather_report.xlsx
2026-09-03 13:17:30,653 - INFO - Starting CSV parse for C:\Users\RPAEHDEV03\python_weather_app\data\raw_cities_dirty.csv
2026-09-03 13:17:30,654 - INFO - Parsed city row: New York
2026-09-03 13:17:30,654 - INFO - Parsed city row: London
2026-09-03 13:17:30,654 - INFO - Parsed city row: Tokyo
2026-09-03 13:17:30,654 - INFO - Parsed city row: Sao Paulo
2026-09-03 13:17:30,655 - INFO - Parsed city row: Paris
2026-09-03 13:17:30,655 - INFO - Parsed city row: Mumbai
2026-09-03 13:17:30,655 - INFO - Parsed city row: Beijing
2026-09-03 13:17:30,655 - INFO - Parsed city row: Sydney
2026-09-03 13:17:30,655 - INFO - Parsed city row: Mexico City
2026-09-03 13:17:30,655 - INFO - Parsed city row: Berlin
2026-09-03 13:17:30,655 - INFO - Parsed city row: Seoul
2026-09-03 13:17:30,655 - INFO - Parsed city row: Bangkok
2026-09-03 13:17:30,655 - INFO - Parsed city row: Rome
2026-09-03 13:17:30,655 - INFO - Parsed city row: Toronto
2026-09-03 13:17:30,655 - INFO - Parsed city row: Buenos Aires
2026-09-03 13:17:30,655 - INFO - Finished CSV parse. 15 cities loaded.
2026-09-03 13:17:30,656 - INFO - Starting sequential weather fetch for 15 cities.
2026-09-03 13:17:30,656 - INFO - Processing city 1/15: New York
2026-09-03 13:17:30,656 - INFO - Fetching weather for New York at 40.7128, -74.0060
2026-09-03 13:17:31,681 - INFO - Weather retrieved for New York: 20.50C, feels like 20.50C, 0.00 mm precipitation, wind 0.00 km/h
2026-09-03 13:17:31,681 - INFO - Processing city 2/15: London
2026-09-03 13:17:31,682 - INFO - Fetching weather for London at 51.5074, -0.1278
2026-09-03 13:17:32,367 - INFO - Weather retrieved for London: 19.10C, feels like 19.10C, 0.00 mm precipitation, wind 0.00 km/h
2026-09-03 13:17:32,367 - INFO - Processing city 3/15: Tokyo
2026-09-03 13:17:32,368 - INFO - Fetching weather for Tokyo at 35.6762, 139.6503
2026-09-03 13:17:33,059 - INFO - Weather retrieved for Tokyo: 22.90C, feels like 22.90C, 0.10 mm precipitation, wind 0.00 km/h
2026-09-03 13:17:33,059 - INFO - Processing city 4/15: Sao Paulo
2026-09-03 13:17:33,060 - INFO - Fetching weather for Sao Paulo at -23.5505, -46.6333
2026-09-03 13:17:33,756 - INFO - Weather retrieved for Sao Paulo: 12.60C, feels like 12.60C, 0.00 mm precipitation, wind 0.00 km/h
2026-09-03 13:17:33,756 - INFO - Processing city 5/15: Paris
2026-09-03 13:17:33,757 - INFO - Fetching weather for Paris at 48.8566, 2.3522
2026-09-03 13:17:34,453 - INFO - Weather retrieved for Paris: 22.30C, feels like 22.30C, 0.00 mm precipitation, wind 0.00 km/h
2026-09-03 13:17:34,453 - INFO - Processing city 6/15: Mumbai
2026-09-03 13:17:34,453 - INFO - Fetching weather for Mumbai at 19.0760, 72.8777
2026-09-03 13:17:35,156 - INFO - Weather retrieved for Mumbai: 25.80C, feels like 25.80C, 0.20 mm precipitation, wind 0.00 km/h
2026-09-03 13:17:35,156 - INFO - Processing city 7/15: Beijing
2026-09-03 13:17:35,157 - INFO - Fetching weather for Beijing at 39.9042, 116.4074
2026-09-03 13:17:35,852 - INFO - Weather retrieved for Beijing: 25.20C, feels like 25.20C, 0.00 mm precipitation, wind 0.00 km/h
2026-09-03 13:17:35,853 - INFO - Processing city 8/15: Sydney
2026-09-03 13:17:35,853 - INFO - Fetching weather for Sydney at -33.8688, 151.2093
2026-09-03 13:17:36,551 - INFO - Weather retrieved for Sydney: 15.10C, feels like 15.10C, 0.00 mm precipitation, wind 0.00 km/h
2026-09-03 13:17:36,551 - INFO - Processing city 9/15: Mexico City
2026-09-03 13:17:36,552 - INFO - Fetching weather for Mexico City at 19.4326, -99.1332
2026-09-03 13:17:37,237 - INFO - Weather retrieved for Mexico City: 15.40C, feels like 15.40C, 0.00 mm precipitation, wind 0.00 km/h
2026-09-03 13:17:37,237 - INFO - Processing city 10/15: Berlin
2026-09-03 13:17:37,238 - INFO - Fetching weather for Berlin at 52.5200, 13.4050
2026-09-03 13:17:37,919 - INFO - Weather retrieved for Berlin: 17.10C, feels like 17.10C, 0.00 mm precipitation, wind 0.00 km/h
2026-09-03 13:17:37,920 - INFO - Processing city 11/15: Seoul
2026-09-03 13:17:37,920 - INFO - Fetching weather for Seoul at 37.5665, 126.9780
2026-09-03 13:17:38,610 - INFO - Weather retrieved for Seoul: 22.60C, feels like 22.60C, 0.00 mm precipitation, wind 0.00 km/h
2026-09-03 13:17:38,610 - INFO - Processing city 12/15: Bangkok
2026-09-03 13:17:38,611 - INFO - Fetching weather for Bangkok at 13.7563, 100.5018
2026-09-03 13:17:39,305 - INFO - Weather retrieved for Bangkok: 27.00C, feels like 27.00C, 0.00 mm precipitation, wind 0.00 km/h
2026-09-03 13:17:39,305 - INFO - Processing city 13/15: Rome
2026-09-03 13:17:39,306 - INFO - Fetching weather for Rome at 41.9028, 12.4964
2026-09-03 13:17:40,003 - INFO - Weather retrieved for Rome: 23.90C, feels like 23.90C, 0.00 mm precipitation, wind 0.00 km/h
2026-09-03 13:17:40,003 - INFO - Processing city 14/15: Toronto
2026-09-03 13:17:40,004 - INFO - Fetching weather for Toronto at 43.6532, -79.3832
2026-09-03 13:17:40,709 - INFO - Weather retrieved for Toronto: 20.10C, feels like 20.10C, 0.00 mm precipitation, wind 0.00 km/h
2026-09-03 13:17:40,709 - INFO - Processing city 15/15: Buenos Aires
2026-09-03 13:17:40,709 - INFO - Fetching weather for Buenos Aires at -34.6037, -58.3816
2026-09-03 13:17:41,415 - INFO - Weather retrieved for Buenos Aires: 15.80C, feels like 15.80C, 1.10 mm precipitation, wind 0.00 km/h
2026-09-03 13:17:41,415 - INFO - Total execution time: 10.76 seconds for 15 cities.
2026-09-03 13:17:41,416 - INFO - Starting CSV parse for C:\Users\RPAEHDEV03\python_weather_app\data\raw_cities_dirty.csv
2026-09-03 13:17:41,416 - INFO - Parsed city row: New York
2026-09-03 13:17:41,416 - INFO - Parsed city row: London
2026-09-03 13:17:41,416 - INFO - Parsed city row: Tokyo
2026-09-03 13:17:41,417 - INFO - Parsed city row: Sao Paulo
2026-09-03 13:17:41,417 - INFO - Parsed city row: Paris
2026-09-03 13:17:41,417 - INFO - Parsed city row: Mumbai
2026-09-03 13:17:41,417 - INFO - Parsed city row: Beijing
2026-09-03 13:17:41,417 - INFO - Parsed city row: Sydney
2026-09-03 13:17:41,417 - INFO - Parsed city row: Mexico City
2026-09-03 13:17:41,417 - INFO - Parsed city row: Berlin
2026-09-03 13:17:41,417 - INFO - Parsed city row: Seoul
2026-09-03 13:17:41,417 - INFO - Parsed city row: Bangkok
2026-09-03 13:17:41,417 - INFO - Parsed city row: Rome
2026-09-03 13:17:41,417 - INFO - Parsed city row: Toronto
2026-09-03 13:17:41,417 - INFO - Parsed city row: Buenos Aires
2026-09-03 13:17:41,417 - INFO - Finished CSV parse. 15 cities loaded.
2026-09-03 13:17:41,487 - INFO - Exported merged weather report to C:\Users\RPAEHDEV03\python_weather_app\reports\weather_report.xlsx
2026-09-03 13:24:47,544 - INFO - Starting CSV parse for C:\Users\RPAEHDEV03\python_weather_app\data\raw_cities_dirty.csv
2026-09-03 13:24:47,545 - INFO - Parsed city row: New York
2026-09-03 13:24:47,545 - INFO - Parsed city row: London
2026-09-03 13:24:47,545 - INFO - Parsed city row: Tokyo
2026-09-03 13:24:47,545 - INFO - Parsed city row: Sao Paulo
2026-09-03 13:24:47,545 - INFO - Parsed city row: Paris
2026-09-03 13:24:47,546 - INFO - Parsed city row: Mumbai
2026-09-03 13:24:47,546 - INFO - Parsed city row: Beijing
2026-09-03 13:24:47,546 - INFO - Parsed city row: Sydney
2026-09-03 13:24:47,546 - INFO - Parsed city row: Mexico City
2026-09-03 13:24:47,546 - INFO - Parsed city row: Berlin
2026-09-03 13:24:47,546 - INFO - Parsed city row: Seoul
2026-09-03 13:24:47,546 - INFO - Parsed city row: Bangkok
2026-09-03 13:24:47,546 - INFO - Parsed city row: Rome
2026-09-03 13:24:47,546 - INFO - Parsed city row: Toronto
2026-09-03 13:24:47,546 - INFO - Parsed city row: Buenos Aires
2026-09-03 13:24:47,546 - INFO - Finished CSV parse. 15 cities loaded.
2026-09-03 13:24:47,548 - INFO - Fetching weather for New York at 40.7128, -74.0060
2026-09-03 13:24:47,553 - INFO - Weather retrieved for New York: 22.40C, feels like 21.70C, 0.00 mm precipitation, wind 12.50 km/h
2026-09-03 13:24:47,555 - INFO - Starting sequential weather fetch for 2 cities.
2026-09-03 13:24:47,555 - INFO - Processing city 1/2: New York
2026-09-03 13:24:47,556 - INFO - Fetching weather for New York at 40.7128, -74.0060
2026-09-03 13:24:47,557 - INFO - Weather retrieved for New York: 20.00C, feels like 20.00C, 1.50 mm precipitation, wind 0.00 km/h
2026-09-03 13:24:47,557 - INFO - Processing city 2/2: London
2026-09-03 13:24:47,558 - INFO - Fetching weather for London at 51.5074, -0.1278
2026-09-03 13:24:47,560 - INFO - Weather retrieved for London: 20.00C, feels like 20.00C, 1.50 mm precipitation, wind 0.00 km/h
2026-09-03 13:24:47,560 - INFO - Total execution time: 0.00 seconds for 2 cities.
2026-09-03 13:24:47,614 - INFO - Exported merged weather report to C:\Users\RPAEHDEV03\AppData\Local\Temp\2\pytest-of-RPAEHDEV03\pytest-1\test_export_merged_weather_rep0\reports\weather_report.xlsx
2026-09-03 13:24:47,635 - INFO - Exported weather alert payload to C:\Users\RPAEHDEV03\AppData\Local\Temp\2\pytest-of-RPAEHDEV03\pytest-1\test_export_hot_city_alerts_js0\reports\weather_alerts.json with 1 cities above 30.0C
2026-09-03 13:25:15,827 - INFO - Starting CSV parse for C:\Users\RPAEHDEV03\python_weather_app\data\raw_cities_dirty.csv
2026-09-03 13:25:15,828 - INFO - Parsed city row: New York
2026-09-03 13:25:15,828 - INFO - Parsed city row: London
2026-09-03 13:25:15,828 - INFO - Parsed city row: Tokyo
2026-09-03 13:25:15,828 - INFO - Parsed city row: Sao Paulo
2026-09-03 13:25:15,828 - INFO - Parsed city row: Paris
2026-09-03 13:25:15,828 - INFO - Parsed city row: Mumbai
2026-09-03 13:25:15,828 - INFO - Parsed city row: Beijing
2026-09-03 13:25:15,828 - INFO - Parsed city row: Sydney
2026-09-03 13:25:15,828 - INFO - Parsed city row: Mexico City
2026-09-03 13:25:15,828 - INFO - Parsed city row: Berlin
2026-09-03 13:25:15,828 - INFO - Parsed city row: Seoul
2026-09-03 13:25:15,829 - INFO - Parsed city row: Bangkok
2026-09-03 13:25:15,829 - INFO - Parsed city row: Rome
2026-09-03 13:25:15,829 - INFO - Parsed city row: Toronto
2026-09-03 13:25:15,829 - INFO - Parsed city row: Buenos Aires
2026-09-03 13:25:15,829 - INFO - Finished CSV parse. 15 cities loaded.
2026-09-03 13:25:15,829 - INFO - Starting sequential weather fetch for 15 cities.
2026-09-03 13:25:15,829 - INFO - Processing city 1/15: New York
2026-09-03 13:25:15,829 - INFO - Fetching weather for New York at 40.7128, -74.0060
2026-09-03 13:25:16,617 - INFO - Weather retrieved for New York: 20.50C, feels like 20.50C, 0.00 mm precipitation, wind 0.00 km/h
2026-09-03 13:25:16,617 - INFO - Processing city 2/15: London
2026-09-03 13:25:16,617 - INFO - Fetching weather for London at 51.5074, -0.1278
2026-09-03 13:25:17,309 - INFO - Weather retrieved for London: 19.10C, feels like 19.10C, 0.00 mm precipitation, wind 0.00 km/h
2026-09-03 13:25:17,309 - INFO - Processing city 3/15: Tokyo
2026-09-03 13:25:17,309 - INFO - Fetching weather for Tokyo at 35.6762, 139.6503
2026-09-03 13:25:18,015 - INFO - Weather retrieved for Tokyo: 22.90C, feels like 22.90C, 0.10 mm precipitation, wind 0.00 km/h
2026-09-03 13:25:18,016 - INFO - Processing city 4/15: Sao Paulo
2026-09-03 13:25:18,016 - INFO - Fetching weather for Sao Paulo at -23.5505, -46.6333
2026-09-03 13:25:18,714 - INFO - Weather retrieved for Sao Paulo: 12.60C, feels like 12.60C, 0.00 mm precipitation, wind 0.00 km/h
2026-09-03 13:25:18,714 - INFO - Processing city 5/15: Paris
2026-09-03 13:25:18,715 - INFO - Fetching weather for Paris at 48.8566, 2.3522
2026-09-03 13:25:19,408 - INFO - Weather retrieved for Paris: 22.30C, feels like 22.30C, 0.00 mm precipitation, wind 0.00 km/h
2026-09-03 13:25:19,409 - INFO - Processing city 6/15: Mumbai
2026-09-03 13:25:19,409 - INFO - Fetching weather for Mumbai at 19.0760, 72.8777
2026-09-03 13:25:20,119 - INFO - Weather retrieved for Mumbai: 25.80C, feels like 25.80C, 0.20 mm precipitation, wind 0.00 km/h
2026-09-03 13:25:20,120 - INFO - Processing city 7/15: Beijing
2026-09-03 13:25:20,120 - INFO - Fetching weather for Beijing at 39.9042, 116.4074
2026-09-03 13:25:20,803 - INFO - Weather retrieved for Beijing: 25.20C, feels like 25.20C, 0.00 mm precipitation, wind 0.00 km/h
2026-09-03 13:25:20,803 - INFO - Processing city 8/15: Sydney
2026-09-03 13:25:20,804 - INFO - Fetching weather for Sydney at -33.8688, 151.2093
2026-09-03 13:25:21,507 - INFO - Weather retrieved for Sydney: 15.10C, feels like 15.10C, 0.00 mm precipitation, wind 0.00 km/h
2026-09-03 13:25:21,507 - INFO - Processing city 9/15: Mexico City
2026-09-03 13:25:21,508 - INFO - Fetching weather for Mexico City at 19.4326, -99.1332
2026-09-03 13:25:22,208 - INFO - Weather retrieved for Mexico City: 15.40C, feels like 15.40C, 0.00 mm precipitation, wind 0.00 km/h
2026-09-03 13:25:22,208 - INFO - Processing city 10/15: Berlin
2026-09-03 13:25:22,209 - INFO - Fetching weather for Berlin at 52.5200, 13.4050
2026-09-03 13:25:22,913 - INFO - Weather retrieved for Berlin: 17.10C, feels like 17.10C, 0.00 mm precipitation, wind 0.00 km/h
2026-09-03 13:25:22,913 - INFO - Processing city 11/15: Seoul
2026-09-03 13:25:22,914 - INFO - Fetching weather for Seoul at 37.5665, 126.9780
2026-09-03 13:25:23,623 - INFO - Weather retrieved for Seoul: 22.60C, feels like 22.60C, 0.00 mm precipitation, wind 0.00 km/h
2026-09-03 13:25:23,623 - INFO - Processing city 12/15: Bangkok
2026-09-03 13:25:23,623 - INFO - Fetching weather for Bangkok at 13.7563, 100.5018
2026-09-03 13:25:24,333 - INFO - Weather retrieved for Bangkok: 27.00C, feels like 27.00C, 0.00 mm precipitation, wind 0.00 km/h
2026-09-03 13:25:24,333 - INFO - Processing city 13/15: Rome
2026-09-03 13:25:24,334 - INFO - Fetching weather for Rome at 41.9028, 12.4964
2026-09-03 13:25:25,037 - INFO - Weather retrieved for Rome: 23.90C, feels like 23.90C, 0.00 mm precipitation, wind 0.00 km/h
2026-09-03 13:25:25,037 - INFO - Processing city 14/15: Toronto
2026-09-03 13:25:25,038 - INFO - Fetching weather for Toronto at 43.6532, -79.3832
2026-09-03 13:25:25,736 - INFO - Weather retrieved for Toronto: 20.10C, feels like 20.10C, 0.00 mm precipitation, wind 0.00 km/h
2026-09-03 13:25:25,736 - INFO - Processing city 15/15: Buenos Aires
2026-09-03 13:25:25,737 - INFO - Fetching weather for Buenos Aires at -34.6037, -58.3816
2026-09-03 13:25:26,442 - INFO - Weather retrieved for Buenos Aires: 15.80C, feels like 15.80C, 1.10 mm precipitation, wind 0.00 km/h
2026-09-03 13:25:26,442 - INFO - Total execution time: 10.61 seconds for 15 cities.
2026-09-03 13:25:26,442 - INFO - Starting CSV parse for C:\Users\RPAEHDEV03\python_weather_app\data\raw_cities_dirty.csv
2026-09-03 13:25:26,443 - INFO - Parsed city row: New York
2026-09-03 13:25:26,443 - INFO - Parsed city row: London
2026-09-03 13:25:26,443 - INFO - Parsed city row: Tokyo
2026-09-03 13:25:26,443 - INFO - Parsed city row: Sao Paulo
2026-09-03 13:25:26,443 - INFO - Parsed city row: Paris
2026-09-03 13:25:26,443 - INFO - Parsed city row: Mumbai
2026-09-03 13:25:26,443 - INFO - Parsed city row: Beijing
2026-09-03 13:25:26,443 - INFO - Parsed city row: Sydney
2026-09-03 13:25:26,443 - INFO - Parsed city row: Mexico City
2026-09-03 13:25:26,443 - INFO - Parsed city row: Berlin
2026-09-03 13:25:26,443 - INFO - Parsed city row: Seoul
2026-09-03 13:25:26,443 - INFO - Parsed city row: Bangkok
2026-09-03 13:25:26,443 - INFO - Parsed city row: Rome
2026-09-03 13:25:26,443 - INFO - Parsed city row: Toronto
2026-09-03 13:25:26,443 - INFO - Parsed city row: Buenos Aires
2026-09-03 13:25:26,443 - INFO - Finished CSV parse. 15 cities loaded.
2026-09-03 13:25:26,506 - INFO - Exported merged weather report to C:\Users\RPAEHDEV03\python_weather_app\reports\weather_report.xlsx
2026-09-03 13:25:26,509 - INFO - Exported weather alert payload to C:\Users\RPAEHDEV03\python_weather_app\reports\weather_alerts.json with 21 cities above 30.0C
2026-09-03 13:35:26,681 - INFO - Starting CSV parse for C:\Users\RPAEHDEV03\python_weather_app\data\raw_cities_dirty.csv
2026-09-03 13:35:26,696 - INFO - Parsed city row: New York
2026-09-03 13:35:26,696 - INFO - Parsed city row: London
2026-09-03 13:35:26,697 - INFO - Parsed city row: Tokyo
2026-09-03 13:35:26,697 - INFO - Parsed city row: Sao Paulo
2026-09-03 13:35:26,697 - INFO - Parsed city row: Paris
2026-09-03 13:35:26,697 - INFO - Parsed city row: Mumbai
2026-09-03 13:35:26,697 - INFO - Parsed city row: Beijing
2026-09-03 13:35:26,697 - INFO - Parsed city row: Sydney
2026-09-03 13:35:26,697 - INFO - Parsed city row: Mexico City
2026-09-03 13:35:26,697 - INFO - Parsed city row: Berlin
2026-09-03 13:35:26,698 - INFO - Parsed city row: Seoul
2026-09-03 13:35:26,698 - INFO - Parsed city row: Bangkok
2026-09-03 13:35:26,698 - INFO - Parsed city row: Rome
2026-09-03 13:35:26,698 - INFO - Parsed city row: Toronto
2026-09-03 13:35:26,698 - INFO - Parsed city row: Buenos Aires
2026-09-03 13:35:26,698 - INFO - Finished CSV parse. 15 cities loaded.
2026-09-03 13:35:26,701 - INFO - Fetching weather for New York at 40.7128, -74.0060
2026-09-03 13:35:26,711 - INFO - Weather retrieved for New York: 22.40C, feels like 21.70C, 0.00 mm precipitation, wind 12.50 km/h
2026-09-03 13:35:26,716 - INFO - Starting sequential weather fetch for 2 cities.
2026-09-03 13:35:26,717 - INFO - Processing city 1/2: New York
2026-09-03 13:35:26,717 - INFO - Fetching weather for New York at 40.7128, -74.0060
2026-09-03 13:35:26,721 - INFO - Weather retrieved for New York: 20.00C, feels like 20.00C, 1.50 mm precipitation, wind 0.00 km/h
2026-09-03 13:35:26,721 - INFO - Processing city 2/2: London
2026-09-03 13:35:26,722 - INFO - Fetching weather for London at 51.5074, -0.1278
2026-09-03 13:35:26,725 - INFO - Weather retrieved for London: 20.00C, feels like 20.00C, 1.50 mm precipitation, wind 0.00 km/h
2026-09-03 13:35:26,725 - INFO - Total execution time: 0.01 seconds for 2 cities.
2026-09-03 13:35:26,816 - INFO - Exported merged weather report to C:\Users\RPAEHDEV03\AppData\Local\Temp\2\pytest-of-RPAEHDEV03\pytest-2\test_export_merged_weather_rep0\reports\weather_report.xlsx
2026-09-03 13:35:26,847 - INFO - Exported weather alert payload to C:\Users\RPAEHDEV03\AppData\Local\Temp\2\pytest-of-RPAEHDEV03\pytest-2\test_export_hot_city_alerts_js0\reports\weather_alerts.json with 1 cities above 30.0C
2026-09-03 13:36:04,722 - INFO - Starting CSV parse for C:\Users\RPAEHDEV03\python_weather_app\data\raw_cities_dirty.csv
2026-09-03 13:36:04,723 - INFO - Parsed city row: New York
2026-09-03 13:36:04,723 - INFO - Parsed city row: London
2026-09-03 13:36:04,723 - INFO - Parsed city row: Tokyo
2026-09-03 13:36:04,723 - INFO - Parsed city row: Sao Paulo
2026-09-03 13:36:04,723 - INFO - Parsed city row: Paris
2026-09-03 13:36:04,723 - INFO - Parsed city row: Mumbai
2026-09-03 13:36:04,723 - INFO - Parsed city row: Beijing
2026-09-03 13:36:04,723 - INFO - Parsed city row: Sydney
2026-09-03 13:36:04,723 - INFO - Parsed city row: Mexico City
2026-09-03 13:36:04,723 - INFO - Parsed city row: Berlin
2026-09-03 13:36:04,724 - INFO - Parsed city row: Seoul
2026-09-03 13:36:04,724 - INFO - Parsed city row: Bangkok
2026-09-03 13:36:04,724 - INFO - Parsed city row: Rome
2026-09-03 13:36:04,724 - INFO - Parsed city row: Toronto
2026-09-03 13:36:04,724 - INFO - Parsed city row: Buenos Aires
2026-09-03 13:36:04,724 - INFO - Finished CSV parse. 15 cities loaded.
2026-09-03 13:36:04,726 - INFO - Fetching weather for New York at 40.7128, -74.0060
2026-09-03 13:36:04,731 - INFO - Weather retrieved for New York: 22.40C, feels like 21.70C, 0.00 mm precipitation, wind 12.50 km/h
2026-09-03 13:36:04,733 - INFO - Starting sequential weather fetch for 2 cities.
2026-09-03 13:36:04,733 - INFO - Processing city 1/2: New York
2026-09-03 13:36:04,733 - INFO - Fetching weather for New York at 40.7128, -74.0060
2026-09-03 13:36:04,735 - INFO - Weather retrieved for New York: 20.00C, feels like 20.00C, 1.50 mm precipitation, wind 0.00 km/h
2026-09-03 13:36:04,735 - INFO - Processing city 2/2: London
2026-09-03 13:36:04,736 - INFO - Fetching weather for London at 51.5074, -0.1278
2026-09-03 13:36:04,737 - INFO - Weather retrieved for London: 20.00C, feels like 20.00C, 1.50 mm precipitation, wind 0.00 km/h
2026-09-03 13:36:04,737 - INFO - Total execution time: 0.00 seconds for 2 cities.
2026-09-03 13:36:04,787 - INFO - Exported merged weather report to C:\Users\RPAEHDEV03\AppData\Local\Temp\2\pytest-of-RPAEHDEV03\pytest-3\test_export_merged_weather_rep0\reports\weather_report.xlsx
2026-09-03 13:36:04,808 - INFO - Exported weather alert payload to C:\Users\RPAEHDEV03\AppData\Local\Temp\2\pytest-of-RPAEHDEV03\pytest-3\test_export_hot_city_alerts_js0\reports\weather_alerts.json with 1 cities above 30.0C
2026-09-03 13:44:17,420 - INFO - Starting CSV parse for C:\Users\RPAEHDEV03\python_weather_app\data\raw_cities_dirty.csv
2026-09-03 13:44:17,420 - INFO - Parsed city row: New York
2026-09-03 13:44:17,421 - INFO - Parsed city row: London
2026-09-03 13:44:17,421 - INFO - Parsed city row: Tokyo
2026-09-03 13:44:17,421 - INFO - Parsed city row: Sao Paulo
2026-09-03 13:44:17,421 - INFO - Parsed city row: Paris
2026-09-03 13:44:17,421 - INFO - Parsed city row: Mumbai
2026-09-03 13:44:17,421 - INFO - Parsed city row: Beijing
2026-09-03 13:44:17,421 - INFO - Parsed city row: Sydney
2026-09-03 13:44:17,421 - INFO - Parsed city row: Mexico City
2026-09-03 13:44:17,421 - INFO - Parsed city row: Berlin
2026-09-03 13:44:17,421 - INFO - Parsed city row: Seoul
2026-09-03 13:44:17,421 - INFO - Parsed city row: Bangkok
2026-09-03 13:44:17,421 - INFO - Parsed city row: Rome
2026-09-03 13:44:17,421 - INFO - Parsed city row: Toronto
2026-09-03 13:44:17,422 - INFO - Parsed city row: Buenos Aires
2026-09-03 13:44:17,422 - INFO - Finished CSV parse. 15 cities loaded.
2026-09-03 13:44:17,424 - INFO - Fetching weather for New York at 40.7128, -74.0060
2026-09-03 13:44:17,429 - INFO - Weather retrieved for New York: 22.40C, feels like 21.70C, 0.00 mm precipitation, wind 12.50 km/h
2026-09-03 13:44:17,430 - INFO - Starting sequential weather fetch for 2 cities.
2026-09-03 13:44:17,430 - INFO - Processing city 1/2: New York
2026-09-03 13:44:17,431 - INFO - Fetching weather for New York at 40.7128, -74.0060
2026-09-03 13:44:17,433 - INFO - Weather retrieved for New York: 20.00C, feels like 20.00C, 1.50 mm precipitation, wind 0.00 km/h
2026-09-03 13:44:17,433 - INFO - Processing city 2/2: London
2026-09-03 13:44:17,433 - INFO - Fetching weather for London at 51.5074, -0.1278
2026-09-03 13:44:17,435 - INFO - Weather retrieved for London: 20.00C, feels like 20.00C, 1.50 mm precipitation, wind 0.00 km/h
2026-09-03 13:44:17,435 - INFO - Total execution time: 0.00 seconds for 2 cities.
2026-09-03 13:44:17,491 - INFO - Exported merged weather report to C:\Users\RPAEHDEV03\AppData\Local\Temp\2\pytest-of-RPAEHDEV03\pytest-4\test_export_merged_weather_rep0\reports\weather_report.xlsx
2026-09-03 13:44:17,511 - INFO - Exported weather alert payload to C:\Users\RPAEHDEV03\AppData\Local\Temp\2\pytest-of-RPAEHDEV03\pytest-4\test_export_hot_city_alerts_js0\reports\weather_alerts.json with 1 cities above 30.0C
2026-09-03 13:44:59,358 - INFO - Starting CSV parse for C:\Users\RPAEHDEV03\python_weather_app\data\raw_cities_dirty.csv
2026-09-03 13:44:59,359 - INFO - Parsed city row: New York
2026-09-03 13:44:59,359 - INFO - Parsed city row: London
2026-09-03 13:44:59,359 - INFO - Parsed city row: Tokyo
2026-09-03 13:44:59,359 - INFO - Parsed city row: Sao Paulo
2026-09-03 13:44:59,359 - INFO - Parsed city row: Paris
2026-09-03 13:44:59,359 - INFO - Parsed city row: Mumbai
2026-09-03 13:44:59,359 - INFO - Parsed city row: Beijing
2026-09-03 13:44:59,359 - INFO - Parsed city row: Sydney
2026-09-03 13:44:59,359 - INFO - Parsed city row: Mexico City
2026-09-03 13:44:59,359 - INFO - Parsed city row: Berlin
2026-09-03 13:44:59,359 - INFO - Parsed city row: Seoul
2026-09-03 13:44:59,359 - INFO - Parsed city row: Bangkok
2026-09-03 13:44:59,359 - INFO - Parsed city row: Rome
2026-09-03 13:44:59,359 - INFO - Parsed city row: Toronto
2026-09-03 13:44:59,359 - INFO - Parsed city row: Buenos Aires
2026-09-03 13:44:59,359 - INFO - Finished CSV parse. 15 cities loaded.
2026-09-03 13:44:59,360 - INFO - Starting sequential weather fetch for 15 cities.
2026-09-03 13:44:59,360 - INFO - Processing city 1/15: New York
2026-09-03 13:44:59,360 - INFO - Fetching weather for New York at 40.7128, -74.0060
2026-09-03 13:45:00,192 - INFO - Weather retrieved for New York: 20.50C, feels like 20.50C, 0.00 mm precipitation, wind 0.00 km/h
2026-09-03 13:45:00,192 - INFO - Processing city 2/15: London
2026-09-03 13:45:00,192 - INFO - Fetching weather for London at 51.5074, -0.1278
2026-09-03 13:45:00,918 - INFO - Weather retrieved for London: 19.10C, feels like 19.10C, 0.00 mm precipitation, wind 0.00 km/h
2026-09-03 13:45:00,918 - INFO - Processing city 3/15: Tokyo
2026-09-03 13:45:00,918 - INFO - Fetching weather for Tokyo at 35.6762, 139.6503
2026-09-03 13:45:01,642 - INFO - Weather retrieved for Tokyo: 23.50C, feels like 23.50C, 0.10 mm precipitation, wind 0.00 km/h
2026-09-03 13:45:01,642 - INFO - Processing city 4/15: Sao Paulo
2026-09-03 13:45:01,643 - INFO - Fetching weather for Sao Paulo at -23.5505, -46.6333
2026-09-03 13:45:02,355 - INFO - Weather retrieved for Sao Paulo: 12.60C, feels like 12.60C, 0.00 mm precipitation, wind 0.00 km/h
2026-09-03 13:45:02,355 - INFO - Processing city 5/15: Paris
2026-09-03 13:45:02,356 - INFO - Fetching weather for Paris at 48.8566, 2.3522
2026-09-03 13:45:03,081 - INFO - Weather retrieved for Paris: 22.30C, feels like 22.30C, 0.00 mm precipitation, wind 0.00 km/h
2026-09-03 13:45:03,081 - INFO - Processing city 6/15: Mumbai
2026-09-03 13:45:03,081 - INFO - Fetching weather for Mumbai at 19.0760, 72.8777
2026-09-03 13:45:03,803 - INFO - Weather retrieved for Mumbai: 25.80C, feels like 25.80C, 0.20 mm precipitation, wind 0.00 km/h
2026-09-03 13:45:03,803 - INFO - Processing city 7/15: Beijing
2026-09-03 13:45:03,803 - INFO - Fetching weather for Beijing at 39.9042, 116.4074
2026-09-03 13:45:04,509 - INFO - Weather retrieved for Beijing: 25.20C, feels like 25.20C, 0.00 mm precipitation, wind 0.00 km/h
2026-09-03 13:45:04,509 - INFO - Processing city 8/15: Sydney
2026-09-03 13:45:04,510 - INFO - Fetching weather for Sydney at -33.8688, 151.2093
2026-09-03 13:45:05,229 - INFO - Weather retrieved for Sydney: 15.10C, feels like 15.10C, 0.00 mm precipitation, wind 0.00 km/h
2026-09-03 13:45:05,229 - INFO - Processing city 9/15: Mexico City
2026-09-03 13:45:05,229 - INFO - Fetching weather for Mexico City at 19.4326, -99.1332
2026-09-03 13:45:05,949 - INFO - Weather retrieved for Mexico City: 15.40C, feels like 15.40C, 0.00 mm precipitation, wind 0.00 km/h
2026-09-03 13:45:05,949 - INFO - Processing city 10/15: Berlin
2026-09-03 13:45:05,950 - INFO - Fetching weather for Berlin at 52.5200, 13.4050
2026-09-03 13:45:06,663 - INFO - Weather retrieved for Berlin: 17.10C, feels like 17.10C, 0.00 mm precipitation, wind 0.00 km/h
2026-09-03 13:45:06,663 - INFO - Processing city 11/15: Seoul
2026-09-03 13:45:06,664 - INFO - Fetching weather for Seoul at 37.5665, 126.9780
2026-09-03 13:45:07,378 - INFO - Weather retrieved for Seoul: 22.60C, feels like 22.60C, 0.00 mm precipitation, wind 0.00 km/h
2026-09-03 13:45:07,378 - INFO - Processing city 12/15: Bangkok
2026-09-03 13:45:07,379 - INFO - Fetching weather for Bangkok at 13.7563, 100.5018
2026-09-03 13:45:08,093 - INFO - Weather retrieved for Bangkok: 27.00C, feels like 27.00C, 0.00 mm precipitation, wind 0.00 km/h
2026-09-03 13:45:08,093 - INFO - Processing city 13/15: Rome
2026-09-03 13:45:08,094 - INFO - Fetching weather for Rome at 41.9028, 12.4964
2026-09-03 13:45:08,827 - INFO - Weather retrieved for Rome: 23.90C, feels like 23.90C, 0.00 mm precipitation, wind 0.00 km/h
2026-09-03 13:45:08,827 - INFO - Processing city 14/15: Toronto
2026-09-03 13:45:08,828 - INFO - Fetching weather for Toronto at 43.6532, -79.3832
2026-09-03 13:45:09,553 - INFO - Weather retrieved for Toronto: 20.10C, feels like 20.10C, 0.00 mm precipitation, wind 0.00 km/h
2026-09-03 13:45:09,553 - INFO - Processing city 15/15: Buenos Aires
2026-09-03 13:45:09,553 - INFO - Fetching weather for Buenos Aires at -34.6037, -58.3816
2026-09-03 13:45:10,267 - INFO - Weather retrieved for Buenos Aires: 15.80C, feels like 15.80C, 1.10 mm precipitation, wind 0.00 km/h
2026-09-03 13:45:10,267 - INFO - Total execution time: 10.91 seconds for 15 cities.
2026-09-03 13:45:10,268 - INFO - Starting CSV parse for C:\Users\RPAEHDEV03\python_weather_app\data\raw_cities_dirty.csv
2026-09-03 13:45:10,268 - INFO - Parsed city row: New York
2026-09-03 13:45:10,268 - INFO - Parsed city row: London
2026-09-03 13:45:10,268 - INFO - Parsed city row: Tokyo
2026-09-03 13:45:10,268 - INFO - Parsed city row: Sao Paulo
2026-09-03 13:45:10,268 - INFO - Parsed city row: Paris
2026-09-03 13:45:10,269 - INFO - Parsed city row: Mumbai
2026-09-03 13:45:10,269 - INFO - Parsed city row: Beijing
2026-09-03 13:45:10,269 - INFO - Parsed city row: Sydney
2026-09-03 13:45:10,269 - INFO - Parsed city row: Mexico City
2026-09-03 13:45:10,269 - INFO - Parsed city row: Berlin
2026-09-03 13:45:10,269 - INFO - Parsed city row: Seoul
2026-09-03 13:45:10,269 - INFO - Parsed city row: Bangkok
2026-09-03 13:45:10,269 - INFO - Parsed city row: Rome
2026-09-03 13:45:10,269 - INFO - Parsed city row: Toronto
2026-09-03 13:45:10,269 - INFO - Parsed city row: Buenos Aires
2026-09-03 13:45:10,269 - INFO - Finished CSV parse. 15 cities loaded.
2026-09-03 13:45:10,326 - INFO - Exported merged weather report to C:\Users\RPAEHDEV03\python_weather_app\reports\weather_report.xlsx
2026-09-03 13:45:10,330 - INFO - Exported weather alert payload to C:\Users\RPAEHDEV03\python_weather_app\reports\weather_alerts.json with 21 cities above 30.0C
2026-09-03 13:59:53,135 - INFO - Starting CSV parse for C:\Users\RPAEHDEV03\python_weather_app\data\raw_cities_dirty.csv
2026-09-03 13:59:53,135 - INFO - Parsed city row: New York
2026-09-03 13:59:53,136 - INFO - Parsed city row: London
2026-09-03 13:59:53,136 - INFO - Parsed city row: Tokyo
2026-09-03 13:59:53,136 - INFO - Parsed city row: Sao Paulo
2026-09-03 13:59:53,136 - INFO - Parsed city row: Paris
2026-09-03 13:59:53,136 - INFO - Parsed city row: Mumbai
2026-09-03 13:59:53,136 - INFO - Parsed city row: Beijing
2026-09-03 13:59:53,136 - INFO - Parsed city row: Sydney
2026-09-03 13:59:53,136 - INFO - Parsed city row: Mexico City
2026-09-03 13:59:53,136 - INFO - Parsed city row: Berlin
2026-09-03 13:59:53,136 - INFO - Parsed city row: Seoul
2026-09-03 13:59:53,136 - INFO - Parsed city row: Bangkok
2026-09-03 13:59:53,136 - INFO - Parsed city row: Rome
2026-09-03 13:59:53,136 - INFO - Parsed city row: Toronto
2026-09-03 13:59:53,136 - INFO - Parsed city row: Buenos Aires
2026-09-03 13:59:53,136 - INFO - Finished CSV parse. 15 cities loaded.
2026-09-03 13:59:53,136 - INFO - Starting sequential weather fetch for 15 cities.
2026-09-03 13:59:53,136 - INFO - Processing city 1/15: New York
2026-09-03 13:59:53,137 - INFO - Fetching weather for New York at 40.7128, -74.0060
2026-09-03 13:59:53,928 - INFO - Weather retrieved for New York: 20.50C, feels like 20.50C, 0.00 mm precipitation, wind 0.00 km/h
2026-09-03 13:59:53,928 - INFO - Processing city 2/15: London
2026-09-03 13:59:53,929 - INFO - Fetching weather for London at 51.5074, -0.1278
2026-09-03 13:59:54,648 - INFO - Weather retrieved for London: 19.10C, feels like 19.10C, 0.00 mm precipitation, wind 0.00 km/h
2026-09-03 13:59:54,648 - INFO - Processing city 3/15: Tokyo
2026-09-03 13:59:54,648 - INFO - Fetching weather for Tokyo at 35.6762, 139.6503
2026-09-03 13:59:55,374 - INFO - Weather retrieved for Tokyo: 23.50C, feels like 23.50C, 0.10 mm precipitation, wind 0.00 km/h
2026-09-03 13:59:55,374 - INFO - Processing city 4/15: Sao Paulo
2026-09-03 13:59:55,375 - INFO - Fetching weather for Sao Paulo at -23.5505, -46.6333
2026-09-03 13:59:56,209 - INFO - Weather retrieved for Sao Paulo: 12.60C, feels like 12.60C, 0.00 mm precipitation, wind 0.00 km/h
2026-09-03 13:59:56,209 - INFO - Processing city 5/15: Paris
2026-09-03 13:59:56,209 - INFO - Fetching weather for Paris at 48.8566, 2.3522
2026-09-03 13:59:56,924 - INFO - Weather retrieved for Paris: 22.30C, feels like 22.30C, 0.00 mm precipitation, wind 0.00 km/h
2026-09-03 13:59:56,924 - INFO - Processing city 6/15: Mumbai
2026-09-03 13:59:56,925 - INFO - Fetching weather for Mumbai at 19.0760, 72.8777
2026-09-03 13:59:57,650 - INFO - Weather retrieved for Mumbai: 25.80C, feels like 25.80C, 0.20 mm precipitation, wind 0.00 km/h
2026-09-03 13:59:57,650 - INFO - Processing city 7/15: Beijing
2026-09-03 13:59:57,651 - INFO - Fetching weather for Beijing at 39.9042, 116.4074
2026-09-03 13:59:58,366 - INFO - Weather retrieved for Beijing: 25.20C, feels like 25.20C, 0.00 mm precipitation, wind 0.00 km/h
2026-09-03 13:59:58,366 - INFO - Processing city 8/15: Sydney
2026-09-03 13:59:58,367 - INFO - Fetching weather for Sydney at -33.8688, 151.2093
2026-09-03 13:59:59,085 - INFO - Weather retrieved for Sydney: 15.10C, feels like 15.10C, 0.00 mm precipitation, wind 0.00 km/h
2026-09-03 13:59:59,086 - INFO - Processing city 9/15: Mexico City
2026-09-03 13:59:59,086 - INFO - Fetching weather for Mexico City at 19.4326, -99.1332
2026-09-03 13:59:59,816 - INFO - Weather retrieved for Mexico City: 15.40C, feels like 15.40C, 0.00 mm precipitation, wind 0.00 km/h
2026-09-03 13:59:59,816 - INFO - Processing city 10/15: Berlin
2026-09-03 13:59:59,817 - INFO - Fetching weather for Berlin at 52.5200, 13.4050
2026-09-03 14:00:01,037 - INFO - Weather retrieved for Berlin: 17.10C, feels like 17.10C, 0.00 mm precipitation, wind 0.00 km/h
2026-09-03 14:00:01,037 - INFO - Processing city 11/15: Seoul
2026-09-03 14:00:01,038 - INFO - Fetching weather for Seoul at 37.5665, 126.9780
2026-09-03 14:00:01,761 - ERROR - Weather API request failed for Seoul
Traceback (most recent call last):
  File "C:\Users\RPAEHDEV03\python_weather_app\src\pipeline.py", line 166, in fetch_weather_for_city
    response.raise_for_status()
    ~~~~~~~~~~~~~~~~~~~~~~~~~^^
  File "C:\Users\RPAEHDEV03\python_weather_app\.venv\Lib\site-packages\httpx\_models.py", line 829, in raise_for_status
    raise HTTPStatusError(message, request=request, response=self)
httpx.HTTPStatusError: Server error '503 Service Unavailable' for url 'https://api.open-meteo.com/v1/forecast?latitude=37.5665&longitude=126.978&hourly=temperature_2m%2Cprecipitation&timezone=auto'
For more information check: https://developer.mozilla.org/en-US/docs/Web/HTTP/Status/503
2026-09-03 14:00:01,778 - ERROR - Failed to fetch weather for Seoul: Failed to fetch weather for Seoul: Server error '503 Service Unavailable' for url 'https://api.open-meteo.com/v1/forecast?latitude=37.5665&longitude=126.978&hourly=temperature_2m%2Cprecipitation&timezone=auto'
For more information check: https://developer.mozilla.org/en-US/docs/Web/HTTP/Status/503
2026-09-03 14:00:01,778 - INFO - Processing city 12/15: Bangkok
2026-09-03 14:00:01,778 - INFO - Fetching weather for Bangkok at 13.7563, 100.5018
2026-09-03 14:00:03,100 - INFO - Weather retrieved for Bangkok: 27.00C, feels like 27.00C, 0.00 mm precipitation, wind 0.00 km/h
2026-09-03 14:00:03,100 - INFO - Processing city 13/15: Rome
2026-09-03 14:00:03,101 - INFO - Fetching weather for Rome at 41.9028, 12.4964
2026-09-03 14:00:04,395 - INFO - Weather retrieved for Rome: 23.90C, feels like 23.90C, 0.00 mm precipitation, wind 0.00 km/h
2026-09-03 14:00:04,395 - INFO - Processing city 14/15: Toronto
2026-09-03 14:00:04,396 - INFO - Fetching weather for Toronto at 43.6532, -79.3832
2026-09-03 14:00:05,751 - INFO - Weather retrieved for Toronto: 20.10C, feels like 20.10C, 0.00 mm precipitation, wind 0.00 km/h
2026-09-03 14:00:05,751 - INFO - Processing city 15/15: Buenos Aires
2026-09-03 14:00:05,752 - INFO - Fetching weather for Buenos Aires at -34.6037, -58.3816
2026-09-03 14:00:06,932 - INFO - Weather retrieved for Buenos Aires: 15.80C, feels like 15.80C, 1.10 mm precipitation, wind 0.00 km/h
2026-09-03 14:00:06,932 - INFO - Total execution time: 13.80 seconds for 15 cities.
2026-09-03 14:00:06,933 - INFO - Starting CSV parse for C:\Users\RPAEHDEV03\python_weather_app\data\raw_cities_dirty.csv
2026-09-03 14:00:06,933 - INFO - Parsed city row: New York
2026-09-03 14:00:06,933 - INFO - Parsed city row: London
2026-09-03 14:00:06,933 - INFO - Parsed city row: Tokyo
2026-09-03 14:00:06,933 - INFO - Parsed city row: Sao Paulo
2026-09-03 14:00:06,934 - INFO - Parsed city row: Paris
2026-09-03 14:00:06,934 - INFO - Parsed city row: Mumbai
2026-09-03 14:00:06,934 - INFO - Parsed city row: Beijing
2026-09-03 14:00:06,934 - INFO - Parsed city row: Sydney
2026-09-03 14:00:06,934 - INFO - Parsed city row: Mexico City
2026-09-03 14:00:06,934 - INFO - Parsed city row: Berlin
2026-09-03 14:00:06,934 - INFO - Parsed city row: Seoul
2026-09-03 14:00:06,934 - INFO - Parsed city row: Bangkok
2026-09-03 14:00:06,934 - INFO - Parsed city row: Rome
2026-09-03 14:00:06,934 - INFO - Parsed city row: Toronto
2026-09-03 14:00:06,934 - INFO - Parsed city row: Buenos Aires
2026-09-03 14:00:06,935 - INFO - Finished CSV parse. 15 cities loaded.
2026-09-03 14:00:07,006 - INFO - Exported merged weather report to C:\Users\RPAEHDEV03\python_weather_app\reports\weather_report.xlsx
2026-09-03 14:00:07,012 - INFO - Exported weather alert payload to C:\Users\RPAEHDEV03\python_weather_app\reports\weather_alerts.json with 21 cities above 30.0C
2026-09-03 14:00:39,512 - INFO - Starting CSV parse for C:\Users\RPAEHDEV03\python_weather_app\data\raw_cities_dirty.csv
2026-09-03 14:00:39,513 - INFO - Parsed city row: New York
2026-09-03 14:00:39,513 - INFO - Parsed city row: London
2026-09-03 14:00:39,513 - INFO - Parsed city row: Tokyo
2026-09-03 14:00:39,513 - INFO - Parsed city row: Sao Paulo
2026-09-03 14:00:39,513 - INFO - Parsed city row: Paris
2026-09-03 14:00:39,513 - INFO - Parsed city row: Mumbai
2026-09-03 14:00:39,513 - INFO - Parsed city row: Beijing
2026-09-03 14:00:39,514 - INFO - Parsed city row: Sydney
2026-09-03 14:00:39,514 - INFO - Parsed city row: Mexico City
2026-09-03 14:00:39,514 - INFO - Parsed city row: Berlin
2026-09-03 14:00:39,514 - INFO - Parsed city row: Seoul
2026-09-03 14:00:39,514 - INFO - Parsed city row: Bangkok
2026-09-03 14:00:39,514 - INFO - Parsed city row: Rome
2026-09-03 14:00:39,514 - INFO - Parsed city row: Toronto
2026-09-03 14:00:39,514 - INFO - Parsed city row: Buenos Aires
2026-09-03 14:00:39,514 - INFO - Finished CSV parse. 15 cities loaded.
2026-09-03 14:00:39,514 - INFO - Starting sequential weather fetch for 15 cities.
2026-09-03 14:00:39,514 - INFO - Processing city 1/15: New York
2026-09-03 14:00:39,515 - INFO - Fetching weather for New York at 40.7128, -74.0060
2026-09-03 14:00:40,287 - INFO - Weather retrieved for New York: 20.50C, feels like 20.50C, 0.00 mm precipitation, wind 0.00 km/h
2026-09-03 14:00:40,287 - INFO - Processing city 2/15: London
2026-09-03 14:00:40,288 - INFO - Fetching weather for London at 51.5074, -0.1278
2026-09-03 14:00:41,005 - INFO - Weather retrieved for London: 19.10C, feels like 19.10C, 0.00 mm precipitation, wind 0.00 km/h
2026-09-03 14:00:41,005 - INFO - Processing city 3/15: Tokyo
2026-09-03 14:00:41,006 - INFO - Fetching weather for Tokyo at 35.6762, 139.6503
2026-09-03 14:00:41,720 - INFO - Weather retrieved for Tokyo: 23.50C, feels like 23.50C, 0.10 mm precipitation, wind 0.00 km/h
2026-09-03 14:00:41,721 - INFO - Processing city 4/15: Sao Paulo
2026-09-03 14:00:41,721 - INFO - Fetching weather for Sao Paulo at -23.5505, -46.6333
2026-09-03 14:00:42,446 - INFO - Weather retrieved for Sao Paulo: 12.60C, feels like 12.60C, 0.00 mm precipitation, wind 0.00 km/h
2026-09-03 14:00:42,446 - INFO - Processing city 5/15: Paris
2026-09-03 14:00:42,447 - INFO - Fetching weather for Paris at 48.8566, 2.3522
2026-09-03 14:00:43,158 - INFO - Weather retrieved for Paris: 22.30C, feels like 22.30C, 0.00 mm precipitation, wind 0.00 km/h
2026-09-03 14:00:43,158 - INFO - Processing city 6/15: Mumbai
2026-09-03 14:00:43,159 - INFO - Fetching weather for Mumbai at 19.0760, 72.8777
2026-09-03 14:00:43,863 - INFO - Weather retrieved for Mumbai: 26.40C, feels like 26.40C, 0.10 mm precipitation, wind 0.00 km/h
2026-09-03 14:00:43,863 - INFO - Processing city 7/15: Beijing
2026-09-03 14:00:43,864 - INFO - Fetching weather for Beijing at 39.9042, 116.4074
2026-09-03 14:00:44,587 - INFO - Weather retrieved for Beijing: 25.20C, feels like 25.20C, 0.00 mm precipitation, wind 0.00 km/h
2026-09-03 14:00:44,588 - INFO - Processing city 8/15: Sydney
2026-09-03 14:00:44,588 - INFO - Fetching weather for Sydney at -33.8688, 151.2093
2026-09-03 14:00:45,299 - INFO - Weather retrieved for Sydney: 15.10C, feels like 15.10C, 0.00 mm precipitation, wind 0.00 km/h
2026-09-03 14:00:45,299 - INFO - Processing city 9/15: Mexico City
2026-09-03 14:00:45,300 - INFO - Fetching weather for Mexico City at 19.4326, -99.1332
2026-09-03 14:00:46,023 - INFO - Weather retrieved for Mexico City: 15.40C, feels like 15.40C, 0.00 mm precipitation, wind 0.00 km/h
2026-09-03 14:00:46,023 - INFO - Processing city 10/15: Berlin
2026-09-03 14:00:46,023 - INFO - Fetching weather for Berlin at 52.5200, 13.4050
2026-09-03 14:00:46,744 - INFO - Weather retrieved for Berlin: 17.10C, feels like 17.10C, 0.00 mm precipitation, wind 0.00 km/h
2026-09-03 14:00:46,744 - INFO - Processing city 11/15: Seoul
2026-09-03 14:00:46,745 - INFO - Fetching weather for Seoul at 37.5665, 126.9780
2026-09-03 14:00:48,472 - INFO - Weather retrieved for Seoul: 22.60C, feels like 22.60C, 0.00 mm precipitation, wind 0.00 km/h
2026-09-03 14:00:48,473 - INFO - Processing city 12/15: Bangkok
2026-09-03 14:00:48,473 - INFO - Fetching weather for Bangkok at 13.7563, 100.5018
2026-09-03 14:00:49,193 - INFO - Weather retrieved for Bangkok: 27.00C, feels like 27.00C, 0.00 mm precipitation, wind 0.00 km/h
2026-09-03 14:00:49,193 - INFO - Processing city 13/15: Rome
2026-09-03 14:00:49,194 - INFO - Fetching weather for Rome at 41.9028, 12.4964
2026-09-03 14:00:49,915 - INFO - Weather retrieved for Rome: 23.90C, feels like 23.90C, 0.00 mm precipitation, wind 0.00 km/h
2026-09-03 14:00:49,915 - INFO - Processing city 14/15: Toronto
2026-09-03 14:00:49,916 - INFO - Fetching weather for Toronto at 43.6532, -79.3832
2026-09-03 14:00:50,642 - INFO - Weather retrieved for Toronto: 20.10C, feels like 20.10C, 0.00 mm precipitation, wind 0.00 km/h
2026-09-03 14:00:50,642 - INFO - Processing city 15/15: Buenos Aires
2026-09-03 14:00:50,642 - INFO - Fetching weather for Buenos Aires at -34.6037, -58.3816
2026-09-03 14:00:51,372 - INFO - Weather retrieved for Buenos Aires: 15.80C, feels like 15.80C, 1.10 mm precipitation, wind 0.00 km/h
2026-09-03 14:00:51,372 - INFO - Total execution time: 11.86 seconds for 15 cities.
2026-09-03 14:00:51,373 - INFO - Starting CSV parse for C:\Users\RPAEHDEV03\python_weather_app\data\raw_cities_dirty.csv
2026-09-03 14:00:51,373 - INFO - Parsed city row: New York
2026-09-03 14:00:51,373 - INFO - Parsed city row: London
2026-09-03 14:00:51,373 - INFO - Parsed city row: Tokyo
2026-09-03 14:00:51,373 - INFO - Parsed city row: Sao Paulo
2026-09-03 14:00:51,373 - INFO - Parsed city row: Paris
2026-09-03 14:00:51,373 - INFO - Parsed city row: Mumbai
2026-09-03 14:00:51,373 - INFO - Parsed city row: Beijing
2026-09-03 14:00:51,374 - INFO - Parsed city row: Sydney
2026-09-03 14:00:51,374 - INFO - Parsed city row: Mexico City
2026-09-03 14:00:51,374 - INFO - Parsed city row: Berlin
2026-09-03 14:00:51,374 - INFO - Parsed city row: Seoul
2026-09-03 14:00:51,374 - INFO - Parsed city row: Bangkok
2026-09-03 14:00:51,374 - INFO - Parsed city row: Rome
2026-09-03 14:00:51,374 - INFO - Parsed city row: Toronto
2026-09-03 14:00:51,374 - INFO - Parsed city row: Buenos Aires
2026-09-03 14:00:51,374 - INFO - Finished CSV parse. 15 cities loaded.
2026-09-03 14:00:51,441 - INFO - Exported merged weather report to C:\Users\RPAEHDEV03\python_weather_app\reports\weather_report.xlsx
2026-09-03 14:00:51,445 - INFO - Exported weather alert payload to C:\Users\RPAEHDEV03\python_weather_app\reports\weather_alerts.json with 21 cities above 30.0C
2026-09-03 15:53:08,501 - INFO - Starting CSV parse for C:\Users\RPAEHDEV03\python_weather_app\data\raw_cities_dirty.csv
2026-09-03 15:53:08,521 - INFO - Parsed city row: New York
2026-09-03 15:53:08,522 - INFO - Parsed city row: London
2026-09-03 15:53:08,522 - INFO - Parsed city row: Tokyo
2026-09-03 15:53:08,522 - INFO - Parsed city row: Sao Paulo
2026-09-03 15:53:08,522 - INFO - Parsed city row: Paris
2026-09-03 15:53:08,522 - INFO - Parsed city row: Mumbai
2026-09-03 15:53:08,522 - INFO - Parsed city row: Beijing
2026-09-03 15:53:08,522 - INFO - Parsed city row: Sydney
2026-09-03 15:53:08,522 - INFO - Parsed city row: Mexico City
2026-09-03 15:53:08,522 - INFO - Parsed city row: Berlin
2026-09-03 15:53:08,522 - INFO - Parsed city row: Seoul
2026-09-03 15:53:08,522 - INFO - Parsed city row: Bangkok
2026-09-03 15:53:08,523 - INFO - Parsed city row: Rome
2026-09-03 15:53:08,523 - INFO - Parsed city row: Toronto
2026-09-03 15:53:08,523 - INFO - Parsed city row: Buenos Aires
2026-09-03 15:53:08,523 - INFO - Finished CSV parse. 15 cities loaded.
2026-09-03 15:53:08,523 - INFO - Starting sequential weather fetch for 15 cities.
2026-09-03 15:53:08,523 - INFO - Processing city 1/15: New York
2026-09-03 15:53:08,524 - INFO - Fetching weather for New York at 40.7128, -74.0060
2026-09-03 15:53:09,419 - INFO - Weather retrieved for New York: 20.50C, feels like 20.50C, 0.00 mm precipitation, wind 0.00 km/h
2026-09-03 15:53:09,419 - INFO - Processing city 2/15: London
2026-09-03 15:53:09,420 - INFO - Fetching weather for London at 51.5074, -0.1278
2026-09-03 15:53:10,179 - INFO - Weather retrieved for London: 19.10C, feels like 19.10C, 0.00 mm precipitation, wind 0.00 km/h
2026-09-03 15:53:10,180 - INFO - Processing city 3/15: Tokyo
2026-09-03 15:53:10,180 - INFO - Fetching weather for Tokyo at 35.6762, 139.6503
2026-09-03 15:53:10,924 - INFO - Weather retrieved for Tokyo: 23.50C, feels like 23.50C, 0.10 mm precipitation, wind 0.00 km/h
2026-09-03 15:53:10,924 - INFO - Processing city 4/15: Sao Paulo
2026-09-03 15:53:10,925 - INFO - Fetching weather for Sao Paulo at -23.5505, -46.6333
2026-09-03 15:53:11,669 - INFO - Weather retrieved for Sao Paulo: 12.60C, feels like 12.60C, 0.00 mm precipitation, wind 0.00 km/h
2026-09-03 15:53:11,669 - INFO - Processing city 5/15: Paris
2026-09-03 15:53:11,670 - INFO - Fetching weather for Paris at 48.8566, 2.3522
2026-09-03 15:53:12,416 - INFO - Weather retrieved for Paris: 22.30C, feels like 22.30C, 0.00 mm precipitation, wind 0.00 km/h
2026-09-03 15:53:12,416 - INFO - Processing city 6/15: Mumbai
2026-09-03 15:53:12,417 - INFO - Fetching weather for Mumbai at 19.0760, 72.8777
2026-09-03 15:53:13,169 - INFO - Weather retrieved for Mumbai: 26.70C, feels like 26.70C, 0.10 mm precipitation, wind 0.00 km/h
2026-09-03 15:53:13,169 - INFO - Processing city 7/15: Beijing
2026-09-03 15:53:13,170 - INFO - Fetching weather for Beijing at 39.9042, 116.4074
2026-09-03 15:53:13,923 - INFO - Weather retrieved for Beijing: 25.20C, feels like 25.20C, 0.00 mm precipitation, wind 0.00 km/h
2026-09-03 15:53:13,923 - INFO - Processing city 8/15: Sydney
2026-09-03 15:53:13,924 - INFO - Fetching weather for Sydney at -33.8688, 151.2093
2026-09-03 15:53:14,682 - INFO - Weather retrieved for Sydney: 15.70C, feels like 15.70C, 0.00 mm precipitation, wind 0.00 km/h
2026-09-03 15:53:14,682 - INFO - Processing city 9/15: Mexico City
2026-09-03 15:53:14,683 - INFO - Fetching weather for Mexico City at 19.4326, -99.1332
2026-09-03 15:53:15,432 - INFO - Weather retrieved for Mexico City: 15.40C, feels like 15.40C, 0.00 mm precipitation, wind 0.00 km/h
2026-09-03 15:53:15,432 - INFO - Processing city 10/15: Berlin
2026-09-03 15:53:15,433 - INFO - Fetching weather for Berlin at 52.5200, 13.4050
2026-09-03 15:53:16,191 - INFO - Weather retrieved for Berlin: 17.10C, feels like 17.10C, 0.00 mm precipitation, wind 0.00 km/h
2026-09-03 15:53:16,191 - INFO - Processing city 11/15: Seoul
2026-09-03 15:53:16,192 - INFO - Fetching weather for Seoul at 37.5665, 126.9780
2026-09-03 15:53:16,931 - INFO - Weather retrieved for Seoul: 22.60C, feels like 22.60C, 0.00 mm precipitation, wind 0.00 km/h
2026-09-03 15:53:16,931 - INFO - Processing city 12/15: Bangkok
2026-09-03 15:53:16,932 - INFO - Fetching weather for Bangkok at 13.7563, 100.5018
2026-09-03 15:53:17,658 - INFO - Weather retrieved for Bangkok: 27.20C, feels like 27.20C, 0.00 mm precipitation, wind 0.00 km/h
2026-09-03 15:53:17,658 - INFO - Processing city 13/15: Rome
2026-09-03 15:53:17,659 - INFO - Fetching weather for Rome at 41.9028, 12.4964
2026-09-03 15:53:18,382 - INFO - Weather retrieved for Rome: 23.90C, feels like 23.90C, 0.00 mm precipitation, wind 0.00 km/h
2026-09-03 15:53:18,382 - INFO - Processing city 14/15: Toronto
2026-09-03 15:53:18,383 - INFO - Fetching weather for Toronto at 43.6532, -79.3832
2026-09-03 15:53:19,118 - INFO - Weather retrieved for Toronto: 20.10C, feels like 20.10C, 0.00 mm precipitation, wind 0.00 km/h
2026-09-03 15:53:19,118 - INFO - Processing city 15/15: Buenos Aires
2026-09-03 15:53:19,119 - INFO - Fetching weather for Buenos Aires at -34.6037, -58.3816
2026-09-03 15:53:19,847 - INFO - Weather retrieved for Buenos Aires: 15.80C, feels like 15.80C, 1.10 mm precipitation, wind 0.00 km/h
2026-09-03 15:53:19,847 - INFO - Total execution time: 11.32 seconds for 15 cities.
2026-09-03 15:53:19,848 - INFO - Starting CSV parse for C:\Users\RPAEHDEV03\python_weather_app\data\raw_cities_dirty.csv
2026-09-03 15:53:19,848 - INFO - Parsed city row: New York
2026-09-03 15:53:19,848 - INFO - Parsed city row: London
2026-09-03 15:53:19,848 - INFO - Parsed city row: Tokyo
2026-09-03 15:53:19,848 - INFO - Parsed city row: Sao Paulo
2026-09-03 15:53:19,848 - INFO - Parsed city row: Paris
2026-09-03 15:53:19,848 - INFO - Parsed city row: Mumbai
2026-09-03 15:53:19,848 - INFO - Parsed city row: Beijing
2026-09-03 15:53:19,848 - INFO - Parsed city row: Sydney
2026-09-03 15:53:19,848 - INFO - Parsed city row: Mexico City
2026-09-03 15:53:19,848 - INFO - Parsed city row: Berlin
2026-09-03 15:53:19,849 - INFO - Parsed city row: Seoul
2026-09-03 15:53:19,849 - INFO - Parsed city row: Bangkok
2026-09-03 15:53:19,849 - INFO - Parsed city row: Rome
2026-09-03 15:53:19,849 - INFO - Parsed city row: Toronto
2026-09-03 15:53:19,849 - INFO - Parsed city row: Buenos Aires
2026-09-03 15:53:19,849 - INFO - Finished CSV parse. 15 cities loaded.
2026-09-03 15:53:19,912 - INFO - Exported merged weather report to C:\Users\RPAEHDEV03\python_weather_app\reports\weather_report.xlsx
2026-09-03 15:53:19,916 - INFO - Exported weather alert payload to C:\Users\RPAEHDEV03\python_weather_app\reports\weather_alerts.json with 20 cities above 30.0C
2026-09-03 16:01:24,270 - INFO - Starting CSV parse for C:\Users\RPAEHDEV03\python_weather_app\data\raw_cities_dirty.csv
2026-09-03 16:01:24,270 - INFO - Parsed city row: New York
2026-09-03 16:01:24,271 - INFO - Parsed city row: London
2026-09-03 16:01:24,271 - INFO - Parsed city row: Tokyo
2026-09-03 16:01:24,271 - INFO - Parsed city row: Sao Paulo
2026-09-03 16:01:24,271 - INFO - Parsed city row: Paris
2026-09-03 16:01:24,271 - INFO - Parsed city row: Mumbai
2026-09-03 16:01:24,271 - INFO - Parsed city row: Beijing
2026-09-03 16:01:24,271 - INFO - Parsed city row: Sydney
2026-09-03 16:01:24,271 - INFO - Parsed city row: Mexico City
2026-09-03 16:01:24,271 - INFO - Parsed city row: Berlin
2026-09-03 16:01:24,271 - INFO - Parsed city row: Seoul
2026-09-03 16:01:24,271 - INFO - Parsed city row: Bangkok
2026-09-03 16:01:24,271 - INFO - Parsed city row: Rome
2026-09-03 16:01:24,271 - INFO - Parsed city row: Toronto
2026-09-03 16:01:24,271 - INFO - Parsed city row: Buenos Aires
2026-09-03 16:01:24,271 - INFO - Finished CSV parse. 15 cities loaded.
2026-09-03 16:01:24,271 - INFO - Starting sequential weather fetch for 15 cities.
2026-09-03 16:01:24,271 - INFO - Processing city 1/15: New York
2026-09-03 16:01:24,272 - INFO - Fetching weather for New York at 40.7128, -74.0060
2026-09-03 16:01:25,094 - INFO - Weather retrieved for New York: 20.50C, feels like 20.50C, 0.00 mm precipitation, wind 0.00 km/h
2026-09-03 16:01:25,094 - INFO - Processing city 2/15: London
2026-09-03 16:01:25,095 - INFO - Fetching weather for London at 51.5074, -0.1278
2026-09-03 16:01:25,830 - INFO - Weather retrieved for London: 19.10C, feels like 19.10C, 0.00 mm precipitation, wind 0.00 km/h
2026-09-03 16:01:25,831 - INFO - Processing city 3/15: Tokyo
2026-09-03 16:01:25,831 - INFO - Fetching weather for Tokyo at 35.6762, 139.6503
2026-09-03 16:01:26,564 - INFO - Weather retrieved for Tokyo: 23.50C, feels like 23.50C, 0.10 mm precipitation, wind 0.00 km/h
2026-09-03 16:01:26,564 - INFO - Processing city 4/15: Sao Paulo
2026-09-03 16:01:26,565 - INFO - Fetching weather for Sao Paulo at -23.5505, -46.6333
2026-09-03 16:01:27,281 - INFO - Weather retrieved for Sao Paulo: 12.60C, feels like 12.60C, 0.00 mm precipitation, wind 0.00 km/h
2026-09-03 16:01:27,281 - INFO - Processing city 5/15: Paris
2026-09-03 16:01:27,282 - INFO - Fetching weather for Paris at 48.8566, 2.3522
2026-09-03 16:01:28,010 - INFO - Weather retrieved for Paris: 22.30C, feels like 22.30C, 0.00 mm precipitation, wind 0.00 km/h
2026-09-03 16:01:28,011 - INFO - Processing city 6/15: Mumbai
2026-09-03 16:01:28,011 - INFO - Fetching weather for Mumbai at 19.0760, 72.8777
2026-09-03 16:01:28,743 - INFO - Weather retrieved for Mumbai: 26.70C, feels like 26.70C, 0.10 mm precipitation, wind 0.00 km/h
2026-09-03 16:01:28,743 - INFO - Processing city 7/15: Beijing
2026-09-03 16:01:28,744 - INFO - Fetching weather for Beijing at 39.9042, 116.4074
2026-09-03 16:01:29,457 - INFO - Weather retrieved for Beijing: 25.20C, feels like 25.20C, 0.00 mm precipitation, wind 0.00 km/h
2026-09-03 16:01:29,458 - INFO - Processing city 8/15: Sydney
2026-09-03 16:01:29,458 - INFO - Fetching weather for Sydney at -33.8688, 151.2093
2026-09-03 16:01:30,178 - INFO - Weather retrieved for Sydney: 15.70C, feels like 15.70C, 0.00 mm precipitation, wind 0.00 km/h
2026-09-03 16:01:30,178 - INFO - Processing city 9/15: Mexico City
2026-09-03 16:01:30,179 - INFO - Fetching weather for Mexico City at 19.4326, -99.1332
2026-09-03 16:01:30,913 - INFO - Weather retrieved for Mexico City: 15.40C, feels like 15.40C, 0.00 mm precipitation, wind 0.00 km/h
2026-09-03 16:01:30,914 - INFO - Processing city 10/15: Berlin
2026-09-03 16:01:30,914 - INFO - Fetching weather for Berlin at 52.5200, 13.4050
2026-09-03 16:01:31,640 - INFO - Weather retrieved for Berlin: 17.10C, feels like 17.10C, 0.00 mm precipitation, wind 0.00 km/h
2026-09-03 16:01:31,640 - INFO - Processing city 11/15: Seoul
2026-09-03 16:01:31,640 - INFO - Fetching weather for Seoul at 37.5665, 126.9780
2026-09-03 16:01:32,367 - INFO - Weather retrieved for Seoul: 22.60C, feels like 22.60C, 0.00 mm precipitation, wind 0.00 km/h
2026-09-03 16:01:32,367 - INFO - Processing city 12/15: Bangkok
2026-09-03 16:01:32,367 - INFO - Fetching weather for Bangkok at 13.7563, 100.5018
2026-09-03 16:01:33,087 - INFO - Weather retrieved for Bangkok: 27.20C, feels like 27.20C, 0.00 mm precipitation, wind 0.00 km/h
2026-09-03 16:01:33,087 - INFO - Processing city 13/15: Rome
2026-09-03 16:01:33,087 - INFO - Fetching weather for Rome at 41.9028, 12.4964
2026-09-03 16:01:33,807 - INFO - Weather retrieved for Rome: 23.90C, feels like 23.90C, 0.00 mm precipitation, wind 0.00 km/h
2026-09-03 16:01:33,807 - INFO - Processing city 14/15: Toronto
2026-09-03 16:01:33,808 - INFO - Fetching weather for Toronto at 43.6532, -79.3832
2026-09-03 16:01:34,524 - INFO - Weather retrieved for Toronto: 20.10C, feels like 20.10C, 0.00 mm precipitation, wind 0.00 km/h
2026-09-03 16:01:34,524 - INFO - Processing city 15/15: Buenos Aires
2026-09-03 16:01:34,525 - INFO - Fetching weather for Buenos Aires at -34.6037, -58.3816
2026-09-03 16:01:35,263 - INFO - Weather retrieved for Buenos Aires: 15.80C, feels like 15.80C, 1.10 mm precipitation, wind 0.00 km/h
2026-09-03 16:01:35,263 - INFO - Total execution time: 10.99 seconds for 15 cities.
2026-09-03 16:01:35,264 - INFO - Starting CSV parse for C:\Users\RPAEHDEV03\python_weather_app\data\raw_cities_dirty.csv
2026-09-03 16:01:35,264 - INFO - Parsed city row: New York
2026-09-03 16:01:35,264 - INFO - Parsed city row: London
2026-09-03 16:01:35,264 - INFO - Parsed city row: Tokyo
2026-09-03 16:01:35,264 - INFO - Parsed city row: Sao Paulo
2026-09-03 16:01:35,264 - INFO - Parsed city row: Paris
2026-09-03 16:01:35,264 - INFO - Parsed city row: Mumbai
2026-09-03 16:01:35,264 - INFO - Parsed city row: Beijing
2026-09-03 16:01:35,264 - INFO - Parsed city row: Sydney
2026-09-03 16:01:35,264 - INFO - Parsed city row: Mexico City
2026-09-03 16:01:35,264 - INFO - Parsed city row: Berlin
2026-09-03 16:01:35,264 - INFO - Parsed city row: Seoul
2026-09-03 16:01:35,265 - INFO - Parsed city row: Bangkok
2026-09-03 16:01:35,265 - INFO - Parsed city row: Rome
2026-09-03 16:01:35,265 - INFO - Parsed city row: Toronto
2026-09-03 16:01:35,265 - INFO - Parsed city row: Buenos Aires
2026-09-03 16:01:35,265 - INFO - Finished CSV parse. 15 cities loaded.
2026-09-03 16:01:35,334 - INFO - Exported merged weather report to C:\Users\RPAEHDEV03\python_weather_app\reports\weather_report.xlsx
2026-09-03 16:01:35,338 - INFO - Exported weather alert payload to C:\Users\RPAEHDEV03\python_weather_app\reports\weather_alerts.json with 20 cities above 30.0C
2026-09-03 16:19:11,659 - INFO - Starting CSV parse for C:\Users\RPAEHDEV03\python_weather_app\data\raw_cities_dirty.csv
2026-09-03 16:19:11,669 - INFO - Parsed city row: New York
2026-09-03 16:19:11,669 - INFO - Parsed city row: London
2026-09-03 16:19:11,669 - INFO - Parsed city row: Tokyo
2026-09-03 16:19:11,669 - INFO - Parsed city row: Sao Paulo
2026-09-03 16:19:11,669 - INFO - Parsed city row: Paris
2026-09-03 16:19:11,669 - INFO - Parsed city row: Mumbai
2026-09-03 16:19:11,669 - INFO - Parsed city row: Beijing
2026-09-03 16:19:11,669 - INFO - Parsed city row: Sydney
2026-09-03 16:19:11,669 - INFO - Parsed city row: Mexico City
2026-09-03 16:19:11,669 - INFO - Parsed city row: Berlin
2026-09-03 16:19:11,669 - INFO - Parsed city row: Seoul
2026-09-03 16:19:11,669 - INFO - Parsed city row: Bangkok
2026-09-03 16:19:11,669 - INFO - Parsed city row: Rome
2026-09-03 16:19:11,669 - INFO - Parsed city row: Toronto
2026-09-03 16:19:11,669 - INFO - Parsed city row: Buenos Aires
2026-09-03 16:19:11,670 - INFO - Finished CSV parse. 15 cities loaded.
2026-09-03 16:19:11,670 - INFO - Starting sequential weather fetch for 15 cities.
2026-09-03 16:19:11,670 - INFO - Processing city 1/15: New York
2026-09-03 16:19:11,670 - INFO - Fetching weather for New York at 40.7128, -74.0060
2026-09-03 16:19:12,503 - INFO - Weather retrieved for New York: 20.50C, feels like 20.50C, 0.00 mm precipitation, wind 0.00 km/h
2026-09-03 16:19:12,503 - INFO - Processing city 2/15: London
2026-09-03 16:19:12,504 - INFO - Fetching weather for London at 51.5074, -0.1278
2026-09-03 16:19:13,219 - INFO - Weather retrieved for London: 19.10C, feels like 19.10C, 0.00 mm precipitation, wind 0.00 km/h
2026-09-03 16:19:13,219 - INFO - Processing city 3/15: Tokyo
2026-09-03 16:19:13,220 - INFO - Fetching weather for Tokyo at 35.6762, 139.6503
2026-09-03 16:19:13,948 - INFO - Weather retrieved for Tokyo: 23.50C, feels like 23.50C, 0.10 mm precipitation, wind 0.00 km/h
2026-09-03 16:19:13,948 - INFO - Processing city 4/15: Sao Paulo
2026-09-03 16:19:13,949 - INFO - Fetching weather for Sao Paulo at -23.5505, -46.6333
2026-09-03 16:19:14,688 - INFO - Weather retrieved for Sao Paulo: 12.60C, feels like 12.60C, 0.00 mm precipitation, wind 0.00 km/h
2026-09-03 16:19:14,688 - INFO - Processing city 5/15: Paris
2026-09-03 16:19:14,689 - INFO - Fetching weather for Paris at 48.8566, 2.3522
2026-09-03 16:19:15,421 - INFO - Weather retrieved for Paris: 22.30C, feels like 22.30C, 0.00 mm precipitation, wind 0.00 km/h
2026-09-03 16:19:15,421 - INFO - Processing city 6/15: Mumbai
2026-09-03 16:19:15,422 - INFO - Fetching weather for Mumbai at 19.0760, 72.8777
2026-09-03 16:19:16,168 - INFO - Weather retrieved for Mumbai: 26.70C, feels like 26.70C, 0.10 mm precipitation, wind 0.00 km/h
2026-09-03 16:19:16,168 - INFO - Processing city 7/15: Beijing
2026-09-03 16:19:16,169 - INFO - Fetching weather for Beijing at 39.9042, 116.4074
2026-09-03 16:19:16,889 - INFO - Weather retrieved for Beijing: 25.20C, feels like 25.20C, 0.00 mm precipitation, wind 0.00 km/h
2026-09-03 16:19:16,889 - INFO - Processing city 8/15: Sydney
2026-09-03 16:19:16,890 - INFO - Fetching weather for Sydney at -33.8688, 151.2093
2026-09-03 16:19:17,625 - INFO - Weather retrieved for Sydney: 15.70C, feels like 15.70C, 0.00 mm precipitation, wind 0.00 km/h
2026-09-03 16:19:17,625 - INFO - Processing city 9/15: Mexico City
2026-09-03 16:19:17,626 - INFO - Fetching weather for Mexico City at 19.4326, -99.1332
2026-09-03 16:19:18,362 - INFO - Weather retrieved for Mexico City: 15.40C, feels like 15.40C, 0.00 mm precipitation, wind 0.00 km/h
2026-09-03 16:19:18,362 - INFO - Processing city 10/15: Berlin
2026-09-03 16:19:18,363 - INFO - Fetching weather for Berlin at 52.5200, 13.4050
2026-09-03 16:19:19,085 - INFO - Weather retrieved for Berlin: 17.10C, feels like 17.10C, 0.00 mm precipitation, wind 0.00 km/h
2026-09-03 16:19:19,086 - INFO - Processing city 11/15: Seoul
2026-09-03 16:19:19,086 - INFO - Fetching weather for Seoul at 37.5665, 126.9780
2026-09-03 16:19:19,798 - INFO - Weather retrieved for Seoul: 22.60C, feels like 22.60C, 0.00 mm precipitation, wind 0.00 km/h
2026-09-03 16:19:19,799 - INFO - Processing city 12/15: Bangkok
2026-09-03 16:19:19,799 - INFO - Fetching weather for Bangkok at 13.7563, 100.5018
2026-09-03 16:19:20,515 - INFO - Weather retrieved for Bangkok: 27.20C, feels like 27.20C, 0.00 mm precipitation, wind 0.00 km/h
2026-09-03 16:19:20,515 - INFO - Processing city 13/15: Rome
2026-09-03 16:19:20,516 - INFO - Fetching weather for Rome at 41.9028, 12.4964
2026-09-03 16:19:21,234 - INFO - Weather retrieved for Rome: 23.90C, feels like 23.90C, 0.00 mm precipitation, wind 0.00 km/h
2026-09-03 16:19:21,234 - INFO - Processing city 14/15: Toronto
2026-09-03 16:19:21,235 - INFO - Fetching weather for Toronto at 43.6532, -79.3832
2026-09-03 16:19:21,970 - INFO - Weather retrieved for Toronto: 20.10C, feels like 20.10C, 0.00 mm precipitation, wind 0.00 km/h
2026-09-03 16:19:21,970 - INFO - Processing city 15/15: Buenos Aires
2026-09-03 16:19:21,971 - INFO - Fetching weather for Buenos Aires at -34.6037, -58.3816
2026-09-03 16:19:22,700 - INFO - Weather retrieved for Buenos Aires: 15.80C, feels like 15.80C, 1.10 mm precipitation, wind 0.00 km/h
2026-09-03 16:19:22,700 - INFO - Total execution time: 11.03 seconds for 15 cities.
2026-09-03 16:19:22,701 - INFO - Starting CSV parse for C:\Users\RPAEHDEV03\python_weather_app\data\raw_cities_dirty.csv
2026-09-03 16:19:22,701 - INFO - Parsed city row: New York
2026-09-03 16:19:22,701 - INFO - Parsed city row: London
2026-09-03 16:19:22,702 - INFO - Parsed city row: Tokyo
2026-09-03 16:19:22,702 - INFO - Parsed city row: Sao Paulo
2026-09-03 16:19:22,702 - INFO - Parsed city row: Paris
2026-09-03 16:19:22,702 - INFO - Parsed city row: Mumbai
2026-09-03 16:19:22,702 - INFO - Parsed city row: Beijing
2026-09-03 16:19:22,702 - INFO - Parsed city row: Sydney
2026-09-03 16:19:22,702 - INFO - Parsed city row: Mexico City
2026-09-03 16:19:22,702 - INFO - Parsed city row: Berlin
2026-09-03 16:19:22,702 - INFO - Parsed city row: Seoul
2026-09-03 16:19:22,702 - INFO - Parsed city row: Bangkok
2026-09-03 16:19:22,702 - INFO - Parsed city row: Rome
2026-09-03 16:19:22,702 - INFO - Parsed city row: Toronto
2026-09-03 16:19:22,702 - INFO - Parsed city row: Buenos Aires
2026-09-03 16:19:22,702 - INFO - Finished CSV parse. 15 cities loaded.
2026-09-03 16:19:22,769 - INFO - Exported merged weather report to C:\Users\RPAEHDEV03\python_weather_app\reports\weather_report.xlsx
2026-09-03 16:19:22,773 - INFO - Exported weather alert payload to C:\Users\RPAEHDEV03\python_weather_app\reports\weather_alerts.json with 20 cities above 30.0C
2026-09-03 18:28:49,767 - INFO - Starting CSV parse for C:\Users\RPAEHDEV03\python_weather_app\data\raw_cities_dirty.csv
2026-09-03 18:28:49,775 - INFO - Parsed city row: New York
2026-09-03 18:28:49,775 - INFO - Parsed city row: London
2026-09-03 18:28:49,776 - INFO - Parsed city row: Tokyo
2026-09-03 18:28:49,776 - INFO - Parsed city row: Sao Paulo
2026-09-03 18:28:49,776 - INFO - Parsed city row: Paris
2026-09-03 18:28:49,776 - INFO - Parsed city row: Mumbai
2026-09-03 18:28:49,776 - INFO - Parsed city row: Beijing
2026-09-03 18:28:49,776 - INFO - Parsed city row: Sydney
2026-09-03 18:28:49,776 - INFO - Parsed city row: Mexico City
2026-09-03 18:28:49,776 - INFO - Parsed city row: Berlin
2026-09-03 18:28:49,776 - INFO - Parsed city row: Seoul
2026-09-03 18:28:49,776 - INFO - Parsed city row: Bangkok
2026-09-03 18:28:49,776 - INFO - Parsed city row: Rome
2026-09-03 18:28:49,776 - INFO - Parsed city row: Toronto
2026-09-03 18:28:49,776 - INFO - Parsed city row: Buenos Aires
2026-09-03 18:28:49,776 - INFO - Finished CSV parse. 15 cities loaded.
2026-09-03 18:28:49,776 - INFO - Starting sequential weather fetch for 15 cities.
2026-09-03 18:28:49,776 - INFO - Processing city 1/15: New York
2026-09-03 18:28:49,777 - INFO - Fetching weather for New York at 40.7128, -74.0060
2026-09-03 18:28:50,700 - INFO - Weather retrieved for New York: 20.50C, feels like 20.50C, 0.00 mm precipitation, wind 0.00 km/h
2026-09-03 18:28:50,700 - INFO - Processing city 2/15: London
2026-09-03 18:28:50,701 - INFO - Fetching weather for London at 51.5074, -0.1278
2026-09-03 18:28:51,437 - INFO - Weather retrieved for London: 20.80C, feels like 20.80C, 0.00 mm precipitation, wind 0.00 km/h
2026-09-03 18:28:51,437 - INFO - Processing city 3/15: Tokyo
2026-09-03 18:28:51,438 - INFO - Fetching weather for Tokyo at 35.6762, 139.6503
2026-09-03 18:28:52,183 - INFO - Weather retrieved for Tokyo: 23.50C, feels like 23.50C, 0.10 mm precipitation, wind 0.00 km/h
2026-09-03 18:28:52,183 - INFO - Processing city 4/15: Sao Paulo
2026-09-03 18:28:52,184 - INFO - Fetching weather for Sao Paulo at -23.5505, -46.6333
2026-09-03 18:28:52,928 - INFO - Weather retrieved for Sao Paulo: 12.60C, feels like 12.60C, 0.00 mm precipitation, wind 0.00 km/h
2026-09-03 18:28:52,928 - INFO - Processing city 5/15: Paris
2026-09-03 18:28:52,929 - INFO - Fetching weather for Paris at 48.8566, 2.3522
2026-09-03 18:28:53,670 - INFO - Weather retrieved for Paris: 23.60C, feels like 23.60C, 0.00 mm precipitation, wind 0.00 km/h
2026-09-03 18:28:53,670 - INFO - Processing city 6/15: Mumbai
2026-09-03 18:28:53,671 - INFO - Fetching weather for Mumbai at 19.0760, 72.8777
2026-09-03 18:28:54,412 - INFO - Weather retrieved for Mumbai: 26.70C, feels like 26.70C, 0.10 mm precipitation, wind 0.00 km/h
2026-09-03 18:28:54,412 - INFO - Processing city 7/15: Beijing
2026-09-03 18:28:54,413 - INFO - Fetching weather for Beijing at 39.9042, 116.4074
2026-09-03 18:28:55,161 - INFO - Weather retrieved for Beijing: 25.20C, feels like 25.20C, 0.00 mm precipitation, wind 0.00 km/h
2026-09-03 18:28:55,161 - INFO - Processing city 8/15: Sydney
2026-09-03 18:28:55,162 - INFO - Fetching weather for Sydney at -33.8688, 151.2093
2026-09-03 18:28:55,903 - INFO - Weather retrieved for Sydney: 15.70C, feels like 15.70C, 0.00 mm precipitation, wind 0.00 km/h
2026-09-03 18:28:55,903 - INFO - Processing city 9/15: Mexico City
2026-09-03 18:28:55,904 - INFO - Fetching weather for Mexico City at 19.4326, -99.1332
2026-09-03 18:28:56,671 - INFO - Weather retrieved for Mexico City: 15.40C, feels like 15.40C, 0.00 mm precipitation, wind 0.00 km/h
2026-09-03 18:28:56,671 - INFO - Processing city 10/15: Berlin
2026-09-03 18:28:56,672 - INFO - Fetching weather for Berlin at 52.5200, 13.4050
2026-09-03 18:28:57,419 - INFO - Weather retrieved for Berlin: 19.20C, feels like 19.20C, 0.00 mm precipitation, wind 0.00 km/h
2026-09-03 18:28:57,419 - INFO - Processing city 11/15: Seoul
2026-09-03 18:28:57,420 - INFO - Fetching weather for Seoul at 37.5665, 126.9780
2026-09-03 18:28:58,164 - INFO - Weather retrieved for Seoul: 22.60C, feels like 22.60C, 0.00 mm precipitation, wind 0.00 km/h
2026-09-03 18:28:58,165 - INFO - Processing city 12/15: Bangkok
2026-09-03 18:28:58,165 - INFO - Fetching weather for Bangkok at 13.7563, 100.5018
2026-09-03 18:28:58,910 - INFO - Weather retrieved for Bangkok: 27.20C, feels like 27.20C, 0.00 mm precipitation, wind 0.00 km/h
2026-09-03 18:28:58,910 - INFO - Processing city 13/15: Rome
2026-09-03 18:28:58,911 - INFO - Fetching weather for Rome at 41.9028, 12.4964
2026-09-03 18:28:59,650 - INFO - Weather retrieved for Rome: 26.30C, feels like 26.30C, 0.00 mm precipitation, wind 0.00 km/h
2026-09-03 18:28:59,650 - INFO - Processing city 14/15: Toronto
2026-09-03 18:28:59,651 - INFO - Fetching weather for Toronto at 43.6532, -79.3832
2026-09-03 18:29:00,402 - INFO - Weather retrieved for Toronto: 20.10C, feels like 20.10C, 0.00 mm precipitation, wind 0.00 km/h
2026-09-03 18:29:00,402 - INFO - Processing city 15/15: Buenos Aires
2026-09-03 18:29:00,403 - INFO - Fetching weather for Buenos Aires at -34.6037, -58.3816
2026-09-03 18:29:01,157 - INFO - Weather retrieved for Buenos Aires: 15.80C, feels like 15.80C, 1.10 mm precipitation, wind 0.00 km/h
2026-09-03 18:29:01,157 - INFO - Total execution time: 11.38 seconds for 15 cities.
2026-09-03 18:29:01,158 - INFO - Starting CSV parse for C:\Users\RPAEHDEV03\python_weather_app\data\raw_cities_dirty.csv
2026-09-03 18:29:01,158 - INFO - Parsed city row: New York
2026-09-03 18:29:01,158 - INFO - Parsed city row: London
2026-09-03 18:29:01,158 - INFO - Parsed city row: Tokyo
2026-09-03 18:29:01,159 - INFO - Parsed city row: Sao Paulo
2026-09-03 18:29:01,159 - INFO - Parsed city row: Paris
2026-09-03 18:29:01,159 - INFO - Parsed city row: Mumbai
2026-09-03 18:29:01,159 - INFO - Parsed city row: Beijing
2026-09-03 18:29:01,159 - INFO - Parsed city row: Sydney
2026-09-03 18:29:01,159 - INFO - Parsed city row: Mexico City
2026-09-03 18:29:01,159 - INFO - Parsed city row: Berlin
2026-09-03 18:29:01,159 - INFO - Parsed city row: Seoul
2026-09-03 18:29:01,159 - INFO - Parsed city row: Bangkok
2026-09-03 18:29:01,159 - INFO - Parsed city row: Rome
2026-09-03 18:29:01,159 - INFO - Parsed city row: Toronto
2026-09-03 18:29:01,159 - INFO - Parsed city row: Buenos Aires
2026-09-03 18:29:01,159 - INFO - Finished CSV parse. 15 cities loaded.
2026-09-03 18:29:01,217 - INFO - Exported merged weather report to C:\Users\RPAEHDEV03\python_weather_app\reports\weather_report.xlsx
2026-09-03 18:29:01,220 - INFO - Exported weather alert payload to C:\Users\RPAEHDEV03\python_weather_app\reports\weather_alerts.json with 19 cities above 30.0C
2026-09-04 10:17:20,367 - INFO - Starting CSV parse for C:\Users\RPAEHDEV03\python_weather_app\data\raw_cities_dirty.csv
2026-09-04 10:17:20,377 - INFO - Parsed city row: New York
2026-09-04 10:17:20,377 - INFO - Parsed city row: London
2026-09-04 10:17:20,377 - INFO - Parsed city row: Tokyo
2026-09-04 10:17:20,377 - INFO - Parsed city row: Sao Paulo
2026-09-04 10:17:20,377 - INFO - Parsed city row: Paris
2026-09-04 10:17:20,378 - INFO - Parsed city row: Mumbai
2026-09-04 10:17:20,378 - INFO - Parsed city row: Beijing
2026-09-04 10:17:20,378 - INFO - Parsed city row: Sydney
2026-09-04 10:17:20,378 - INFO - Parsed city row: Mexico City
2026-09-04 10:17:20,378 - INFO - Parsed city row: Berlin
2026-09-04 10:17:20,378 - INFO - Parsed city row: Seoul
2026-09-04 10:17:20,378 - INFO - Parsed city row: Bangkok
2026-09-04 10:17:20,378 - INFO - Parsed city row: Rome
2026-09-04 10:17:20,378 - INFO - Parsed city row: Toronto
2026-09-04 10:17:20,378 - INFO - Parsed city row: Buenos Aires
2026-09-04 10:17:20,378 - INFO - Finished CSV parse. 15 cities loaded.
2026-09-04 10:17:20,378 - INFO - Starting sequential weather fetch for 15 cities.
2026-09-04 10:17:20,378 - INFO - Processing city 1/15: New York
2026-09-04 10:17:20,379 - INFO - Fetching weather for New York at 40.7128, -74.0060
2026-09-04 10:17:21,383 - INFO - Weather retrieved for New York: 24.70C, feels like 24.70C, 0.00 mm precipitation, wind 0.00 km/h
2026-09-04 10:17:21,383 - INFO - Processing city 2/15: London
2026-09-04 10:17:21,384 - INFO - Fetching weather for London at 51.5074, -0.1278
2026-09-04 10:17:22,135 - INFO - Weather retrieved for London: 20.80C, feels like 20.80C, 0.00 mm precipitation, wind 0.00 km/h
2026-09-04 10:17:22,135 - INFO - Processing city 3/15: Tokyo
2026-09-04 10:17:22,136 - INFO - Fetching weather for Tokyo at 35.6762, 139.6503
2026-09-04 10:17:22,914 - INFO - Weather retrieved for Tokyo: 21.50C, feels like 21.50C, 1.20 mm precipitation, wind 0.00 km/h
2026-09-04 10:17:22,914 - INFO - Processing city 4/15: Sao Paulo
2026-09-04 10:17:22,915 - INFO - Fetching weather for Sao Paulo at -23.5505, -46.6333
2026-09-04 10:17:23,672 - INFO - Weather retrieved for Sao Paulo: 16.80C, feels like 16.80C, 0.00 mm precipitation, wind 0.00 km/h
2026-09-04 10:17:23,672 - INFO - Processing city 5/15: Paris
2026-09-04 10:17:23,673 - INFO - Fetching weather for Paris at 48.8566, 2.3522
2026-09-04 10:17:24,423 - INFO - Weather retrieved for Paris: 23.60C, feels like 23.60C, 0.00 mm precipitation, wind 0.00 km/h
2026-09-04 10:17:24,423 - INFO - Processing city 6/15: Mumbai
2026-09-04 10:17:24,424 - INFO - Fetching weather for Mumbai at 19.0760, 72.8777
2026-09-04 10:17:25,169 - INFO - Weather retrieved for Mumbai: 25.90C, feels like 25.90C, 0.50 mm precipitation, wind 0.00 km/h
2026-09-04 10:17:25,169 - INFO - Processing city 7/15: Beijing
2026-09-04 10:17:25,170 - INFO - Fetching weather for Beijing at 39.9042, 116.4074
2026-09-04 10:17:25,924 - INFO - Weather retrieved for Beijing: 25.20C, feels like 25.20C, 0.00 mm precipitation, wind 0.00 km/h
2026-09-04 10:17:25,924 - INFO - Processing city 8/15: Sydney
2026-09-04 10:17:25,925 - INFO - Fetching weather for Sydney at -33.8688, 151.2093
2026-09-04 10:17:26,683 - INFO - Weather retrieved for Sydney: 15.10C, feels like 15.10C, 0.00 mm precipitation, wind 0.00 km/h
2026-09-04 10:17:26,683 - INFO - Processing city 9/15: Mexico City
2026-09-04 10:17:26,683 - INFO - Fetching weather for Mexico City at 19.4326, -99.1332
2026-09-04 10:17:27,444 - INFO - Weather retrieved for Mexico City: 15.70C, feels like 15.70C, 0.00 mm precipitation, wind 0.00 km/h
2026-09-04 10:17:27,445 - INFO - Processing city 10/15: Berlin
2026-09-04 10:17:27,445 - INFO - Fetching weather for Berlin at 52.5200, 13.4050
2026-09-04 10:17:28,225 - INFO - Weather retrieved for Berlin: 19.20C, feels like 19.20C, 0.00 mm precipitation, wind 0.00 km/h
2026-09-04 10:17:28,225 - INFO - Processing city 11/15: Seoul
2026-09-04 10:17:28,226 - INFO - Fetching weather for Seoul at 37.5665, 126.9780
2026-09-04 10:17:28,986 - INFO - Weather retrieved for Seoul: 20.00C, feels like 20.00C, 0.00 mm precipitation, wind 0.00 km/h
2026-09-04 10:17:28,986 - INFO - Processing city 12/15: Bangkok
2026-09-04 10:17:28,987 - INFO - Fetching weather for Bangkok at 13.7563, 100.5018
2026-09-04 10:17:29,749 - INFO - Weather retrieved for Bangkok: 27.20C, feels like 27.20C, 0.00 mm precipitation, wind 0.00 km/h
2026-09-04 10:17:29,749 - INFO - Processing city 13/15: Rome
2026-09-04 10:17:29,750 - INFO - Fetching weather for Rome at 41.9028, 12.4964
2026-09-04 10:17:30,506 - INFO - Weather retrieved for Rome: 26.30C, feels like 26.30C, 0.00 mm precipitation, wind 0.00 km/h
2026-09-04 10:17:30,506 - INFO - Processing city 14/15: Toronto
2026-09-04 10:17:30,506 - INFO - Fetching weather for Toronto at 43.6532, -79.3832
2026-09-04 10:17:31,259 - INFO - Weather retrieved for Toronto: 18.40C, feels like 18.40C, 0.00 mm precipitation, wind 0.00 km/h
2026-09-04 10:17:31,259 - INFO - Processing city 15/15: Buenos Aires
2026-09-04 10:17:31,259 - INFO - Fetching weather for Buenos Aires at -34.6037, -58.3816
2026-09-04 10:17:32,009 - INFO - Weather retrieved for Buenos Aires: 11.90C, feels like 11.90C, 0.00 mm precipitation, wind 0.00 km/h
2026-09-04 10:17:32,009 - INFO - Total execution time: 11.63 seconds for 15 cities.
2026-09-04 10:17:32,010 - INFO - Starting CSV parse for C:\Users\RPAEHDEV03\python_weather_app\data\raw_cities_dirty.csv
2026-09-04 10:17:32,010 - INFO - Parsed city row: New York
2026-09-04 10:17:32,010 - INFO - Parsed city row: London
2026-09-04 10:17:32,010 - INFO - Parsed city row: Tokyo
2026-09-04 10:17:32,010 - INFO - Parsed city row: Sao Paulo
2026-09-04 10:17:32,010 - INFO - Parsed city row: Paris
2026-09-04 10:17:32,010 - INFO - Parsed city row: Mumbai
2026-09-04 10:17:32,010 - INFO - Parsed city row: Beijing
2026-09-04 10:17:32,010 - INFO - Parsed city row: Sydney
2026-09-04 10:17:32,010 - INFO - Parsed city row: Mexico City
2026-09-04 10:17:32,010 - INFO - Parsed city row: Berlin
2026-09-04 10:17:32,010 - INFO - Parsed city row: Seoul
2026-09-04 10:17:32,010 - INFO - Parsed city row: Bangkok
2026-09-04 10:17:32,010 - INFO - Parsed city row: Rome
2026-09-04 10:17:32,011 - INFO - Parsed city row: Toronto
2026-09-04 10:17:32,011 - INFO - Parsed city row: Buenos Aires
2026-09-04 10:17:32,011 - INFO - Finished CSV parse. 15 cities loaded.
2026-09-04 10:17:32,110 - INFO - Exported merged weather report to C:\Users\RPAEHDEV03\python_weather_app\reports\weather_report.xlsx
2026-09-04 10:17:32,114 - INFO - Exported weather alert payload to C:\Users\RPAEHDEV03\python_weather_app\reports\weather_alerts.json with 22 cities above 30.0C
2026-09-08 10:10:25,478 - INFO - Starting CSV parse for C:\Users\RPAEHDEV03\python_weather_app\data\raw_cities_dirty.csv
2026-09-08 10:10:25,487 - INFO - Parsed city row: New York
2026-09-08 10:10:25,487 - INFO - Parsed city row: London
2026-09-08 10:10:25,487 - INFO - Parsed city row: Tokyo
2026-09-08 10:10:25,487 - INFO - Parsed city row: Sao Paulo
2026-09-08 10:10:25,487 - INFO - Parsed city row: Paris
2026-09-08 10:10:25,487 - INFO - Parsed city row: Mumbai
2026-09-08 10:10:25,487 - INFO - Parsed city row: Beijing
2026-09-08 10:10:25,487 - INFO - Parsed city row: Sydney
2026-09-08 10:10:25,487 - INFO - Parsed city row: Mexico City
2026-09-08 10:10:25,487 - INFO - Parsed city row: Berlin
2026-09-08 10:10:25,488 - INFO - Parsed city row: Seoul
2026-09-08 10:10:25,488 - INFO - Parsed city row: Bangkok
2026-09-08 10:10:25,488 - INFO - Parsed city row: Rome
2026-09-08 10:10:25,488 - INFO - Parsed city row: Toronto
2026-09-08 10:10:25,488 - INFO - Parsed city row: Buenos Aires
2026-09-08 10:10:25,488 - INFO - Finished CSV parse. 15 cities loaded.
2026-09-08 10:10:25,488 - INFO - Starting sequential weather fetch for 15 cities.
2026-09-08 10:10:25,488 - INFO - Processing city 1/15: New York
2026-09-08 10:10:25,489 - INFO - Fetching weather for New York at 40.7128, -74.0060
2026-09-08 10:10:26,425 - INFO - Weather retrieved for New York: 19.20C, feels like 19.20C, 0.00 mm precipitation, wind 0.00 km/h
2026-09-08 10:10:26,425 - INFO - Processing city 2/15: London
2026-09-08 10:10:26,426 - INFO - Fetching weather for London at 51.5074, -0.1278
2026-09-08 10:10:27,130 - INFO - Weather retrieved for London: 18.50C, feels like 18.50C, 0.10 mm precipitation, wind 0.00 km/h
2026-09-08 10:10:27,130 - INFO - Processing city 3/15: Tokyo
2026-09-08 10:10:27,131 - INFO - Fetching weather for Tokyo at 35.6762, 139.6503
2026-09-08 10:10:27,827 - INFO - Weather retrieved for Tokyo: 26.80C, feels like 26.80C, 1.10 mm precipitation, wind 0.00 km/h
2026-09-08 10:10:27,827 - INFO - Processing city 4/15: Sao Paulo
2026-09-08 10:10:27,828 - INFO - Fetching weather for Sao Paulo at -23.5505, -46.6333
2026-09-08 10:10:28,526 - INFO - Weather retrieved for Sao Paulo: 11.80C, feels like 11.80C, 1.70 mm precipitation, wind 0.00 km/h
2026-09-08 10:10:28,526 - INFO - Processing city 5/15: Paris
2026-09-08 10:10:28,526 - INFO - Fetching weather for Paris at 48.8566, 2.3522
2026-09-08 10:10:29,223 - INFO - Weather retrieved for Paris: 23.40C, feels like 23.40C, 0.00 mm precipitation, wind 0.00 km/h
2026-09-08 10:10:29,223 - INFO - Processing city 6/15: Mumbai
2026-09-08 10:10:29,223 - INFO - Fetching weather for Mumbai at 19.0760, 72.8777
2026-09-08 10:10:29,915 - INFO - Weather retrieved for Mumbai: 25.90C, feels like 25.90C, 0.20 mm precipitation, wind 0.00 km/h
2026-09-08 10:10:29,915 - INFO - Processing city 7/15: Beijing
2026-09-08 10:10:29,916 - INFO - Fetching weather for Beijing at 39.9042, 116.4074
2026-09-08 10:10:30,602 - INFO - Weather retrieved for Beijing: 19.00C, feels like 19.00C, 0.30 mm precipitation, wind 0.00 km/h
2026-09-08 10:10:30,602 - INFO - Processing city 8/15: Sydney
2026-09-08 10:10:30,603 - INFO - Fetching weather for Sydney at -33.8688, 151.2093
2026-09-08 10:10:31,294 - INFO - Weather retrieved for Sydney: 12.10C, feels like 12.10C, 0.00 mm precipitation, wind 0.00 km/h
2026-09-08 10:10:31,294 - INFO - Processing city 9/15: Mexico City
2026-09-08 10:10:31,295 - INFO - Fetching weather for Mexico City at 19.4326, -99.1332
2026-09-08 10:10:31,992 - INFO - Weather retrieved for Mexico City: 14.60C, feels like 14.60C, 0.10 mm precipitation, wind 0.00 km/h
2026-09-08 10:10:31,992 - INFO - Processing city 10/15: Berlin
2026-09-08 10:10:31,992 - INFO - Fetching weather for Berlin at 52.5200, 13.4050
2026-09-08 10:10:32,689 - INFO - Weather retrieved for Berlin: 16.50C, feels like 16.50C, 0.00 mm precipitation, wind 0.00 km/h
2026-09-08 10:10:32,689 - INFO - Processing city 11/15: Seoul
2026-09-08 10:10:32,690 - INFO - Fetching weather for Seoul at 37.5665, 126.9780
2026-09-08 10:10:33,386 - INFO - Weather retrieved for Seoul: 21.70C, feels like 21.70C, 0.00 mm precipitation, wind 0.00 km/h
2026-09-08 10:10:33,386 - INFO - Processing city 12/15: Bangkok
2026-09-08 10:10:33,387 - INFO - Fetching weather for Bangkok at 13.7563, 100.5018
2026-09-08 10:10:34,089 - INFO - Weather retrieved for Bangkok: 26.80C, feels like 26.80C, 0.00 mm precipitation, wind 0.00 km/h
2026-09-08 10:10:34,089 - INFO - Processing city 13/15: Rome
2026-09-08 10:10:34,090 - INFO - Fetching weather for Rome at 41.9028, 12.4964
2026-09-08 10:10:34,769 - INFO - Weather retrieved for Rome: 25.30C, feels like 25.30C, 0.00 mm precipitation, wind 0.00 km/h
2026-09-08 10:10:34,769 - INFO - Processing city 14/15: Toronto
2026-09-08 10:10:34,770 - INFO - Fetching weather for Toronto at 43.6532, -79.3832
2026-09-08 10:10:35,464 - INFO - Weather retrieved for Toronto: 16.90C, feels like 16.90C, 0.00 mm precipitation, wind 0.00 km/h
2026-09-08 10:10:35,464 - INFO - Processing city 15/15: Buenos Aires
2026-09-08 10:10:35,465 - INFO - Fetching weather for Buenos Aires at -34.6037, -58.3816
2026-09-08 10:10:36,225 - INFO - Weather retrieved for Buenos Aires: 10.00C, feels like 10.00C, 0.00 mm precipitation, wind 0.00 km/h
2026-09-08 10:10:36,225 - INFO - Total execution time: 10.74 seconds for 15 cities.
2026-09-08 10:10:36,225 - INFO - Starting CSV parse for C:\Users\RPAEHDEV03\python_weather_app\data\raw_cities_dirty.csv
2026-09-08 10:10:36,226 - INFO - Parsed city row: New York
2026-09-08 10:10:36,226 - INFO - Parsed city row: London
2026-09-08 10:10:36,226 - INFO - Parsed city row: Tokyo
2026-09-08 10:10:36,226 - INFO - Parsed city row: Sao Paulo
2026-09-08 10:10:36,226 - INFO - Parsed city row: Paris
2026-09-08 10:10:36,226 - INFO - Parsed city row: Mumbai
2026-09-08 10:10:36,226 - INFO - Parsed city row: Beijing
2026-09-08 10:10:36,226 - INFO - Parsed city row: Sydney
2026-09-08 10:10:36,226 - INFO - Parsed city row: Mexico City
2026-09-08 10:10:36,226 - INFO - Parsed city row: Berlin
2026-09-08 10:10:36,226 - INFO - Parsed city row: Seoul
2026-09-08 10:10:36,226 - INFO - Parsed city row: Bangkok
2026-09-08 10:10:36,226 - INFO - Parsed city row: Rome
2026-09-08 10:10:36,226 - INFO - Parsed city row: Toronto
2026-09-08 10:10:36,226 - INFO - Parsed city row: Buenos Aires
2026-09-08 10:10:36,226 - INFO - Finished CSV parse. 15 cities loaded.
2026-09-08 10:12:20,751 - INFO - Starting CSV parse for C:\Users\RPAEHDEV03\python_weather_app\data\raw_cities_dirty.csv
2026-09-08 10:12:20,752 - INFO - Parsed city row: New York
2026-09-08 10:12:20,752 - INFO - Parsed city row: London
2026-09-08 10:12:20,752 - INFO - Parsed city row: Tokyo
2026-09-08 10:12:20,752 - INFO - Parsed city row: Sao Paulo
2026-09-08 10:12:20,752 - INFO - Parsed city row: Paris
2026-09-08 10:12:20,752 - INFO - Parsed city row: Mumbai
2026-09-08 10:12:20,752 - INFO - Parsed city row: Beijing
2026-09-08 10:12:20,752 - INFO - Parsed city row: Sydney
2026-09-08 10:12:20,752 - INFO - Parsed city row: Mexico City
2026-09-08 10:12:20,753 - INFO - Parsed city row: Berlin
2026-09-08 10:12:20,753 - INFO - Parsed city row: Seoul
2026-09-08 10:12:20,753 - INFO - Parsed city row: Bangkok
2026-09-08 10:12:20,753 - INFO - Parsed city row: Rome
2026-09-08 10:12:20,753 - INFO - Parsed city row: Toronto
2026-09-08 10:12:20,753 - INFO - Parsed city row: Buenos Aires
2026-09-08 10:12:20,753 - INFO - Finished CSV parse. 15 cities loaded.
2026-09-08 10:12:20,753 - INFO - Starting sequential weather fetch for 15 cities.
2026-09-08 10:12:20,753 - INFO - Processing city 1/15: New York
2026-09-08 10:12:20,754 - INFO - Fetching weather for New York at 40.7128, -74.0060
2026-09-08 10:12:21,513 - INFO - Weather retrieved for New York: 19.20C, feels like 19.20C, 0.00 mm precipitation, wind 0.00 km/h
2026-09-08 10:12:21,513 - INFO - Processing city 2/15: London
2026-09-08 10:12:21,514 - INFO - Fetching weather for London at 51.5074, -0.1278
2026-09-08 10:12:22,222 - INFO - Weather retrieved for London: 18.50C, feels like 18.50C, 0.10 mm precipitation, wind 0.00 km/h
2026-09-08 10:12:22,222 - INFO - Processing city 3/15: Tokyo
2026-09-08 10:12:22,223 - INFO - Fetching weather for Tokyo at 35.6762, 139.6503
2026-09-08 10:12:22,915 - INFO - Weather retrieved for Tokyo: 26.80C, feels like 26.80C, 1.10 mm precipitation, wind 0.00 km/h
2026-09-08 10:12:22,915 - INFO - Processing city 4/15: Sao Paulo
2026-09-08 10:12:22,916 - INFO - Fetching weather for Sao Paulo at -23.5505, -46.6333
2026-09-08 10:12:23,628 - INFO - Weather retrieved for Sao Paulo: 11.80C, feels like 11.80C, 1.70 mm precipitation, wind 0.00 km/h
2026-09-08 10:12:23,628 - INFO - Processing city 5/15: Paris
2026-09-08 10:12:23,629 - INFO - Fetching weather for Paris at 48.8566, 2.3522
2026-09-08 10:12:24,341 - INFO - Weather retrieved for Paris: 23.40C, feels like 23.40C, 0.00 mm precipitation, wind 0.00 km/h
2026-09-08 10:12:24,341 - INFO - Processing city 6/15: Mumbai
2026-09-08 10:12:24,341 - INFO - Fetching weather for Mumbai at 19.0760, 72.8777
2026-09-08 10:12:25,036 - INFO - Weather retrieved for Mumbai: 25.90C, feels like 25.90C, 0.20 mm precipitation, wind 0.00 km/h
2026-09-08 10:12:25,036 - INFO - Processing city 7/15: Beijing
2026-09-08 10:12:25,037 - INFO - Fetching weather for Beijing at 39.9042, 116.4074
2026-09-08 10:12:25,721 - INFO - Weather retrieved for Beijing: 19.00C, feels like 19.00C, 0.30 mm precipitation, wind 0.00 km/h
2026-09-08 10:12:25,721 - INFO - Processing city 8/15: Sydney
2026-09-08 10:12:25,722 - INFO - Fetching weather for Sydney at -33.8688, 151.2093
2026-09-08 10:12:26,418 - INFO - Weather retrieved for Sydney: 12.10C, feels like 12.10C, 0.00 mm precipitation, wind 0.00 km/h
2026-09-08 10:12:26,418 - INFO - Processing city 9/15: Mexico City
2026-09-08 10:12:26,419 - INFO - Fetching weather for Mexico City at 19.4326, -99.1332
2026-09-08 10:12:27,128 - INFO - Weather retrieved for Mexico City: 14.60C, feels like 14.60C, 0.10 mm precipitation, wind 0.00 km/h
2026-09-08 10:12:27,128 - INFO - Processing city 10/15: Berlin
2026-09-08 10:12:27,129 - INFO - Fetching weather for Berlin at 52.5200, 13.4050
2026-09-08 10:12:27,834 - INFO - Weather retrieved for Berlin: 16.50C, feels like 16.50C, 0.00 mm precipitation, wind 0.00 km/h
2026-09-08 10:12:27,835 - INFO - Processing city 11/15: Seoul
2026-09-08 10:12:27,835 - INFO - Fetching weather for Seoul at 37.5665, 126.9780
2026-09-08 10:12:28,554 - INFO - Weather retrieved for Seoul: 21.70C, feels like 21.70C, 0.00 mm precipitation, wind 0.00 km/h
2026-09-08 10:12:28,554 - INFO - Processing city 12/15: Bangkok
2026-09-08 10:12:28,554 - INFO - Fetching weather for Bangkok at 13.7563, 100.5018
2026-09-08 10:12:29,236 - INFO - Weather retrieved for Bangkok: 26.80C, feels like 26.80C, 0.00 mm precipitation, wind 0.00 km/h
2026-09-08 10:12:29,236 - INFO - Processing city 13/15: Rome
2026-09-08 10:12:29,237 - INFO - Fetching weather for Rome at 41.9028, 12.4964
2026-09-08 10:12:29,945 - INFO - Weather retrieved for Rome: 25.30C, feels like 25.30C, 0.00 mm precipitation, wind 0.00 km/h
2026-09-08 10:12:29,945 - INFO - Processing city 14/15: Toronto
2026-09-08 10:12:29,945 - INFO - Fetching weather for Toronto at 43.6532, -79.3832
2026-09-08 10:12:30,634 - INFO - Weather retrieved for Toronto: 16.90C, feels like 16.90C, 0.00 mm precipitation, wind 0.00 km/h
2026-09-08 10:12:30,634 - INFO - Processing city 15/15: Buenos Aires
2026-09-08 10:12:30,635 - INFO - Fetching weather for Buenos Aires at -34.6037, -58.3816
2026-09-08 10:12:31,352 - INFO - Weather retrieved for Buenos Aires: 10.00C, feels like 10.00C, 0.00 mm precipitation, wind 0.00 km/h
2026-09-08 10:12:31,352 - INFO - Total execution time: 10.60 seconds for 15 cities.
2026-09-08 10:12:31,353 - INFO - Starting CSV parse for C:\Users\RPAEHDEV03\python_weather_app\data\raw_cities_dirty.csv
2026-09-08 10:12:31,353 - INFO - Parsed city row: New York
2026-09-08 10:12:31,353 - INFO - Parsed city row: London
2026-09-08 10:12:31,353 - INFO - Parsed city row: Tokyo
2026-09-08 10:12:31,353 - INFO - Parsed city row: Sao Paulo
2026-09-08 10:12:31,353 - INFO - Parsed city row: Paris
2026-09-08 10:12:31,353 - INFO - Parsed city row: Mumbai
2026-09-08 10:12:31,353 - INFO - Parsed city row: Beijing
2026-09-08 10:12:31,353 - INFO - Parsed city row: Sydney
2026-09-08 10:12:31,353 - INFO - Parsed city row: Mexico City
2026-09-08 10:12:31,353 - INFO - Parsed city row: Berlin
2026-09-08 10:12:31,353 - INFO - Parsed city row: Seoul
2026-09-08 10:12:31,354 - INFO - Parsed city row: Bangkok
2026-09-08 10:12:31,354 - INFO - Parsed city row: Rome
2026-09-08 10:12:31,354 - INFO - Parsed city row: Toronto
2026-09-08 10:12:31,354 - INFO - Parsed city row: Buenos Aires
2026-09-08 10:12:31,354 - INFO - Finished CSV parse. 15 cities loaded.
2026-09-08 10:12:31,422 - INFO - Exported merged weather report to C:\Users\RPAEHDEV03\python_weather_app\reports\weather_report.xlsx
2026-09-08 10:12:31,426 - INFO - Exported weather alert payload to C:\Users\RPAEHDEV03\python_weather_app\reports\weather_alerts.json with 10 cities above 30.0C
2026-09-08 11:11:17,224 - INFO - Starting CSV parse for C:\Users\RPAEHDEV03\python_weather_app\data\raw_cities_dirty.csv
2026-09-08 11:11:17,236 - INFO - Parsed city row: New York
2026-09-08 11:11:17,237 - INFO - Parsed city row: London
2026-09-08 11:11:17,237 - INFO - Parsed city row: Tokyo
2026-09-08 11:11:17,237 - INFO - Parsed city row: Sao Paulo
2026-09-08 11:11:17,237 - INFO - Parsed city row: Paris
2026-09-08 11:11:17,237 - INFO - Parsed city row: Mumbai
2026-09-08 11:11:17,237 - INFO - Parsed city row: Beijing
2026-09-08 11:11:17,237 - INFO - Parsed city row: Sydney
2026-09-08 11:11:17,237 - INFO - Parsed city row: Mexico City
2026-09-08 11:11:17,237 - INFO - Parsed city row: Berlin
2026-09-08 11:11:17,237 - INFO - Parsed city row: Seoul
2026-09-08 11:11:17,237 - INFO - Parsed city row: Bangkok
2026-09-08 11:11:17,237 - INFO - Parsed city row: Rome
2026-09-08 11:11:17,237 - INFO - Parsed city row: Toronto
2026-09-08 11:11:17,237 - INFO - Parsed city row: Buenos Aires
2026-09-08 11:11:17,237 - INFO - Finished CSV parse. 15 cities loaded.
2026-09-08 11:11:17,238 - INFO - Starting sequential weather fetch for 15 cities.
2026-09-08 11:11:17,238 - INFO - Processing city 1/15: New York
2026-09-08 11:11:17,238 - INFO - Fetching weather for New York at 40.7128, -74.0060
2026-09-08 11:11:18,134 - INFO - Weather retrieved for New York: 19.20C, feels like 19.20C, 0.00 mm precipitation, wind 0.00 km/h
2026-09-08 11:11:18,134 - INFO - Processing city 2/15: London
2026-09-08 11:11:18,135 - INFO - Fetching weather for London at 51.5074, -0.1278
2026-09-08 11:11:18,851 - INFO - Weather retrieved for London: 18.50C, feels like 18.50C, 0.10 mm precipitation, wind 0.00 km/h
2026-09-08 11:11:18,851 - INFO - Processing city 3/15: Tokyo
2026-09-08 11:11:18,852 - INFO - Fetching weather for Tokyo at 35.6762, 139.6503
2026-09-08 11:11:19,590 - INFO - Weather retrieved for Tokyo: 26.80C, feels like 26.80C, 1.10 mm precipitation, wind 0.00 km/h
2026-09-08 11:11:19,590 - INFO - Processing city 4/15: Sao Paulo
2026-09-08 11:11:19,591 - INFO - Fetching weather for Sao Paulo at -23.5505, -46.6333
2026-09-08 11:11:20,326 - INFO - Weather retrieved for Sao Paulo: 11.80C, feels like 11.80C, 1.70 mm precipitation, wind 0.00 km/h
2026-09-08 11:11:20,326 - INFO - Processing city 5/15: Paris
2026-09-08 11:11:20,327 - INFO - Fetching weather for Paris at 48.8566, 2.3522
2026-09-08 11:11:21,205 - INFO - Weather retrieved for Paris: 23.40C, feels like 23.40C, 0.00 mm precipitation, wind 0.00 km/h
2026-09-08 11:11:21,205 - INFO - Processing city 6/15: Mumbai
2026-09-08 11:11:21,206 - INFO - Fetching weather for Mumbai at 19.0760, 72.8777
2026-09-08 11:11:21,918 - INFO - Weather retrieved for Mumbai: 25.90C, feels like 25.90C, 0.20 mm precipitation, wind 0.00 km/h
2026-09-08 11:11:21,918 - INFO - Processing city 7/15: Beijing
2026-09-08 11:11:21,919 - INFO - Fetching weather for Beijing at 39.9042, 116.4074
2026-09-08 11:11:22,634 - INFO - Weather retrieved for Beijing: 18.40C, feels like 18.40C, 0.00 mm precipitation, wind 0.00 km/h
2026-09-08 11:11:22,634 - INFO - Processing city 8/15: Sydney
2026-09-08 11:11:22,635 - INFO - Fetching weather for Sydney at -33.8688, 151.2093
2026-09-08 11:11:23,375 - INFO - Weather retrieved for Sydney: 12.10C, feels like 12.10C, 0.00 mm precipitation, wind 0.00 km/h
2026-09-08 11:11:23,375 - INFO - Processing city 9/15: Mexico City
2026-09-08 11:11:23,375 - INFO - Fetching weather for Mexico City at 19.4326, -99.1332
2026-09-08 11:11:24,093 - INFO - Weather retrieved for Mexico City: 14.60C, feels like 14.60C, 0.10 mm precipitation, wind 0.00 km/h
2026-09-08 11:11:24,093 - INFO - Processing city 10/15: Berlin
2026-09-08 11:11:24,094 - INFO - Fetching weather for Berlin at 52.5200, 13.4050
2026-09-08 11:11:24,823 - INFO - Weather retrieved for Berlin: 16.50C, feels like 16.50C, 0.00 mm precipitation, wind 0.00 km/h
2026-09-08 11:11:24,823 - INFO - Processing city 11/15: Seoul
2026-09-08 11:11:24,824 - INFO - Fetching weather for Seoul at 37.5665, 126.9780
2026-09-08 11:11:25,542 - INFO - Weather retrieved for Seoul: 21.70C, feels like 21.70C, 0.00 mm precipitation, wind 0.00 km/h
2026-09-08 11:11:25,542 - INFO - Processing city 12/15: Bangkok
2026-09-08 11:11:25,543 - INFO - Fetching weather for Bangkok at 13.7563, 100.5018
2026-09-08 11:11:26,252 - INFO - Weather retrieved for Bangkok: 26.80C, feels like 26.80C, 0.00 mm precipitation, wind 0.00 km/h
2026-09-08 11:11:26,252 - INFO - Processing city 13/15: Rome
2026-09-08 11:11:26,252 - INFO - Fetching weather for Rome at 41.9028, 12.4964
2026-09-08 11:11:26,958 - INFO - Weather retrieved for Rome: 25.30C, feels like 25.30C, 0.00 mm precipitation, wind 0.00 km/h
2026-09-08 11:11:26,958 - INFO - Processing city 14/15: Toronto
2026-09-08 11:11:26,958 - INFO - Fetching weather for Toronto at 43.6532, -79.3832
2026-09-08 11:11:27,684 - INFO - Weather retrieved for Toronto: 16.90C, feels like 16.90C, 0.00 mm precipitation, wind 0.00 km/h
2026-09-08 11:11:27,684 - INFO - Processing city 15/15: Buenos Aires
2026-09-08 11:11:27,685 - INFO - Fetching weather for Buenos Aires at -34.6037, -58.3816
2026-09-08 11:11:28,401 - INFO - Weather retrieved for Buenos Aires: 10.00C, feels like 10.00C, 0.00 mm precipitation, wind 0.00 km/h
2026-09-08 11:11:28,401 - INFO - Total execution time: 11.16 seconds for 15 cities.
2026-09-08 11:11:28,402 - INFO - Starting CSV parse for C:\Users\RPAEHDEV03\python_weather_app\data\raw_cities_dirty.csv
2026-09-08 11:11:28,402 - INFO - Parsed city row: New York
2026-09-08 11:11:28,402 - INFO - Parsed city row: London
2026-09-08 11:11:28,403 - INFO - Parsed city row: Tokyo
2026-09-08 11:11:28,403 - INFO - Parsed city row: Sao Paulo
2026-09-08 11:11:28,403 - INFO - Parsed city row: Paris
2026-09-08 11:11:28,403 - INFO - Parsed city row: Mumbai
2026-09-08 11:11:28,403 - INFO - Parsed city row: Beijing
2026-09-08 11:11:28,403 - INFO - Parsed city row: Sydney
2026-09-08 11:11:28,403 - INFO - Parsed city row: Mexico City
2026-09-08 11:11:28,403 - INFO - Parsed city row: Berlin
2026-09-08 11:11:28,403 - INFO - Parsed city row: Seoul
2026-09-08 11:11:28,403 - INFO - Parsed city row: Bangkok
2026-09-08 11:11:28,403 - INFO - Parsed city row: Rome
2026-09-08 11:11:28,403 - INFO - Parsed city row: Toronto
2026-09-08 11:11:28,403 - INFO - Parsed city row: Buenos Aires
2026-09-08 11:11:28,403 - INFO - Finished CSV parse. 15 cities loaded.
2026-09-08 11:11:28,463 - INFO - Exported merged weather report to C:\Users\RPAEHDEV03\python_weather_app\reports\weather_report.xlsx
2026-09-08 11:11:28,466 - INFO - Exported weather alert payload to C:\Users\RPAEHDEV03\python_weather_app\reports\weather_alerts.json with 11 cities above 30.0C
2026-09-10 09:21:41,583 - INFO - Starting CSV parse for C:\Users\RPAEHDEV03\python_weather_app\data\raw_cities_dirty.csv
2026-09-10 09:21:41,592 - INFO - Parsed city row: New York
2026-09-10 09:21:41,592 - INFO - Parsed city row: London
2026-09-10 09:21:41,592 - INFO - Parsed city row: Tokyo
2026-09-10 09:21:41,592 - INFO - Parsed city row: Sao Paulo
2026-09-10 09:21:41,592 - INFO - Parsed city row: Paris
2026-09-10 09:21:41,592 - INFO - Parsed city row: Mumbai
2026-09-10 09:21:41,592 - INFO - Parsed city row: Beijing
2026-09-10 09:21:41,592 - INFO - Parsed city row: Sydney
2026-09-10 09:21:41,592 - INFO - Parsed city row: Mexico City
2026-09-10 09:21:41,592 - INFO - Parsed city row: Berlin
2026-09-10 09:21:41,592 - INFO - Parsed city row: Seoul
2026-09-10 09:21:41,592 - INFO - Parsed city row: Bangkok
2026-09-10 09:21:41,592 - INFO - Parsed city row: Rome
2026-09-10 09:21:41,593 - INFO - Parsed city row: Toronto
2026-09-10 09:21:41,593 - INFO - Parsed city row: Buenos Aires
2026-09-10 09:21:41,593 - INFO - Finished CSV parse. 15 cities loaded.
2026-09-10 09:21:41,593 - INFO - Starting sequential weather fetch for 15 cities.
2026-09-10 09:21:41,593 - INFO - Processing city 1/15: New York
2026-09-10 09:21:41,593 - INFO - Fetching weather for New York at 40.7128, -74.0060
2026-09-10 09:21:42,563 - INFO - Weather retrieved for New York: 23.00C, feels like 23.00C, 0.00 mm precipitation, wind 0.00 km/h
2026-09-10 09:21:42,563 - INFO - Processing city 2/15: London
2026-09-10 09:21:42,563 - INFO - Fetching weather for London at 51.5074, -0.1278
2026-09-10 09:21:43,288 - INFO - Weather retrieved for London: 16.50C, feels like 16.50C, 0.00 mm precipitation, wind 0.00 km/h
2026-09-10 09:21:43,288 - INFO - Processing city 3/15: Tokyo
2026-09-10 09:21:43,289 - INFO - Fetching weather for Tokyo at 35.6762, 139.6503
2026-09-10 09:21:44,022 - INFO - Weather retrieved for Tokyo: 20.30C, feels like 20.30C, 2.60 mm precipitation, wind 0.00 km/h
2026-09-10 09:21:44,022 - INFO - Processing city 4/15: Sao Paulo
2026-09-10 09:21:44,023 - INFO - Fetching weather for Sao Paulo at -23.5505, -46.6333
2026-09-10 09:21:44,763 - INFO - Weather retrieved for Sao Paulo: 18.30C, feels like 18.30C, 0.70 mm precipitation, wind 0.00 km/h
2026-09-10 09:21:44,763 - INFO - Processing city 5/15: Paris
2026-09-10 09:21:44,764 - INFO - Fetching weather for Paris at 48.8566, 2.3522
2026-09-10 09:21:45,483 - INFO - Weather retrieved for Paris: 15.80C, feels like 15.80C, 0.00 mm precipitation, wind 0.00 km/h
2026-09-10 09:21:45,483 - INFO - Processing city 6/15: Mumbai
2026-09-10 09:21:45,484 - INFO - Fetching weather for Mumbai at 19.0760, 72.8777
2026-09-10 09:21:46,217 - INFO - Weather retrieved for Mumbai: 26.10C, feels like 26.10C, 0.10 mm precipitation, wind 0.00 km/h
2026-09-10 09:21:46,217 - INFO - Processing city 7/15: Beijing
2026-09-10 09:21:46,217 - INFO - Fetching weather for Beijing at 39.9042, 116.4074
2026-09-10 09:21:46,940 - INFO - Weather retrieved for Beijing: 17.60C, feels like 17.60C, 0.00 mm precipitation, wind 0.00 km/h
2026-09-10 09:21:46,940 - INFO - Processing city 8/15: Sydney
2026-09-10 09:21:46,941 - INFO - Fetching weather for Sydney at -33.8688, 151.2093
2026-09-10 09:21:47,675 - INFO - Weather retrieved for Sydney: 12.30C, feels like 12.30C, 0.00 mm precipitation, wind 0.00 km/h
2026-09-10 09:21:47,675 - INFO - Processing city 9/15: Mexico City
2026-09-10 09:21:47,676 - INFO - Fetching weather for Mexico City at 19.4326, -99.1332
2026-09-10 09:21:48,425 - INFO - Weather retrieved for Mexico City: 15.10C, feels like 15.10C, 0.00 mm precipitation, wind 0.00 km/h
2026-09-10 09:21:48,425 - INFO - Processing city 10/15: Berlin
2026-09-10 09:21:48,426 - INFO - Fetching weather for Berlin at 52.5200, 13.4050
2026-09-10 09:21:49,148 - INFO - Weather retrieved for Berlin: 16.50C, feels like 16.50C, 0.00 mm precipitation, wind 0.00 km/h
2026-09-10 09:21:49,148 - INFO - Processing city 11/15: Seoul
2026-09-10 09:21:49,149 - INFO - Fetching weather for Seoul at 37.5665, 126.9780
2026-09-10 09:21:49,891 - INFO - Weather retrieved for Seoul: 16.70C, feels like 16.70C, 0.00 mm precipitation, wind 0.00 km/h
2026-09-10 09:21:49,891 - INFO - Processing city 12/15: Bangkok
2026-09-10 09:21:49,892 - INFO - Fetching weather for Bangkok at 13.7563, 100.5018
2026-09-10 09:21:50,621 - INFO - Weather retrieved for Bangkok: 28.30C, feels like 28.30C, 0.00 mm precipitation, wind 0.00 km/h
2026-09-10 09:21:50,621 - INFO - Processing city 13/15: Rome
2026-09-10 09:21:50,621 - INFO - Fetching weather for Rome at 41.9028, 12.4964
2026-09-10 09:21:51,341 - INFO - Weather retrieved for Rome: 25.10C, feels like 25.10C, 0.00 mm precipitation, wind 0.00 km/h
2026-09-10 09:21:51,341 - INFO - Processing city 14/15: Toronto
2026-09-10 09:21:51,342 - INFO - Fetching weather for Toronto at 43.6532, -79.3832
2026-09-10 09:21:52,072 - INFO - Weather retrieved for Toronto: 20.50C, feels like 20.50C, 0.00 mm precipitation, wind 0.00 km/h
2026-09-10 09:21:52,072 - INFO - Processing city 15/15: Buenos Aires
2026-09-10 09:21:52,072 - INFO - Fetching weather for Buenos Aires at -34.6037, -58.3816
2026-09-10 09:21:52,788 - INFO - Weather retrieved for Buenos Aires: 13.10C, feels like 13.10C, 0.00 mm precipitation, wind 0.00 km/h
2026-09-10 09:21:52,788 - INFO - Total execution time: 11.19 seconds for 15 cities.
2026-09-10 09:21:52,788 - INFO - Starting CSV parse for C:\Users\RPAEHDEV03\python_weather_app\data\raw_cities_dirty.csv
2026-09-10 09:21:52,789 - INFO - Parsed city row: New York
2026-09-10 09:21:52,789 - INFO - Parsed city row: London
2026-09-10 09:21:52,789 - INFO - Parsed city row: Tokyo
2026-09-10 09:21:52,789 - INFO - Parsed city row: Sao Paulo
2026-09-10 09:21:52,789 - INFO - Parsed city row: Paris
2026-09-10 09:21:52,789 - INFO - Parsed city row: Mumbai
2026-09-10 09:21:52,789 - INFO - Parsed city row: Beijing
2026-09-10 09:21:52,789 - INFO - Parsed city row: Sydney
2026-09-10 09:21:52,789 - INFO - Parsed city row: Mexico City
2026-09-10 09:21:52,789 - INFO - Parsed city row: Berlin
2026-09-10 09:21:52,789 - INFO - Parsed city row: Seoul
2026-09-10 09:21:52,789 - INFO - Parsed city row: Bangkok
2026-09-10 09:21:52,789 - INFO - Parsed city row: Rome
2026-09-10 09:21:52,789 - INFO - Parsed city row: Toronto
2026-09-10 09:21:52,789 - INFO - Parsed city row: Buenos Aires
2026-09-10 09:21:52,789 - INFO - Finished CSV parse. 15 cities loaded.
2026-09-10 09:21:52,872 - INFO - Exported merged weather report to C:\Users\RPAEHDEV03\python_weather_app\reports\weather_report.xlsx
2026-09-10 09:21:52,875 - INFO - Exported weather alert payload to C:\Users\RPAEHDEV03\python_weather_app\reports\weather_alerts.json with 12 cities above 30.0C
